id,audio_file,text,duration
00000,wavs/00000.wav,"I had my shoulders against the wreck of my steamer, hauled up on the slope like a carcass of some big river animal.",7.499
00001,wavs/00001.wav,Her eyes are deeply carboned.,1.999
00002,wavs/00002.wav,What says she to my face?,1.811
00003,wavs/00003.wav,"Towards the middle of the Bridge, Cosette, whose feet were benumbed, wanted to walk.",5.334
00004,wavs/00004.wav,That left foot of yours with its inward twist is all over the place.,4.118
00005,wavs/00005.wav,How was Anne to set all these matters to rights?,3.14
00006,wavs/00006.wav,"Yet it was a hard time for sensitive, high-spirited Jo, who meant so well and had apparently done so ill.",7.129
00007,wavs/00007.wav,I alighted and was conducted to my solitary apartment to spend the evening as I pleased.,5.516
00008,wavs/00008.wav,"The country is indeed indebted to you, sir.",3.079
00009,wavs/00009.wav,Is there no hope of your coming?,1.999
00010,wavs/00010.wav,But her breasts were developed.,1.8
00011,wavs/00011.wav,The sleeping-room of Cassy was directly under the garret.,3.473
00012,wavs/00012.wav,"We stayed up all night in a drizzling rain, hoping to get a shot.",4.293
00013,wavs/00013.wav,"Amy stood a minute, turning the leaves in her hand, reading on each some sweet rebuke for all heartburnings and uncharitableness of spirit.",8.537
00014,wavs/00014.wav,They went off as if they had received the last possible insult.,3.911
00015,wavs/00015.wav,Still he had brains enough to make that corner in stamps.,3.475
00016,wavs/00016.wav,This produced a pause.,1.714
00017,wavs/00017.wav,"His spindlelegs and sparrow feet are those of the tenor Mario, prince of Candia.",5.386
00018,wavs/00018.wav,The first question is--where are we to get a boat?,2.956
00019,wavs/00019.wav,Everybody we had anything to do with seemed to cheat us.,3.243
00020,wavs/00020.wav,I think he thought God was too far off though.,3.01
00021,wavs/00021.wav,This made his coat black.,1.616
00022,wavs/00022.wav,Wasn't I fond of him?,1.502
00023,wavs/00023.wav,"He has now and then been a sad flirt, and cared very little for the havoc he might be making in young ladies' affections.",8.014
00024,wavs/00024.wav,I am not a strong swimmer.,1.649
00025,wavs/00025.wav,Whose mother is beastly dead.,1.963
00026,wavs/00026.wav,Boulatruelle committed the error of not comprehending this.,3.769
00027,wavs/00027.wav,"I could trace out where every part of the old house had been, and where the brewery had been, and where the gates, and where the casks.",8.637
00028,wavs/00028.wav,"Jennings, by being much engaged in her own room, could see little of what was passing.",5.661
00029,wavs/00029.wav,I rejoice to see you.,1.558
00030,wavs/00030.wav,"They continued on, however, feeling their way along the walls.",4.153
00031,wavs/00031.wav,"These were chiefly people from the northern suburbs, whose knowledge of the Black Smoke came by hearsay.",6.355
00032,wavs/00032.wav,The door was nothing but a collection of worm-eaten planks roughly bound together by cross-beams which resembled roughly hewn logs.,8.333
00033,wavs/00033.wav,It seemed to her that the world was coming to an end.,2.868
00034,wavs/00034.wav,"I have a great deal of vivacity in my own way, but I really must be allowed to judge when to speak and when to hold my tongue.",8.05
00035,wavs/00035.wav,"Whilst me, who am thy foe, eyeless in hate, Hast thou made reign and triumph, to thy scorn, ten O'er mine own misery and thy vain revenge.",10.862
00036,wavs/00036.wav,"Beyond that post a fresh pit had been dug in the ground, and near the post and the pit a large crowd stood in a semicircle.",8.066
00037,wavs/00037.wav,Clarke related the circumstances in a few hurried words.,3.695
00038,wavs/00038.wav,"I wished the beast would exhaust itself, and not be insensible to fatigue like a steam engine!",6.584
00039,wavs/00039.wav,Isn't it splendid to think of all the things there are to find out about?,4.109
00040,wavs/00040.wav,To the health of Alexander the First!,2.256
00041,wavs/00041.wav,Knightley certainly had not done him justice.,2.653
00042,wavs/00042.wav,"As the Neros reign in a black way, they should be painted to match.",4.201
00043,wavs/00043.wav,The tumultuous movements of these minds at liberty and at work set his ideas in a whirl.,5.747
00044,wavs/00044.wav,"One cup butter, two cups sugar, one cup cold water, one teaspoonful of saleratus, two teaspoonfuls cream tartar, two eggs, flour enough to roll, and no more.",13.217
00045,wavs/00045.wav,"To whom, likewise, the shadows of the night revealed themselves, in the forms their dozing eyes and wandering thoughts suggested.",8.61
00046,wavs/00046.wav,"Pierre still considered that it would be a useful and worthy action to slay the evildoer, but now he felt that he would not do it.",8.353
00047,wavs/00047.wav,But I bet you I'll lam Sid for that.,2.311
00048,wavs/00048.wav,One broken baluster is placed on the pediment like a fractured leg.,4.402
00049,wavs/00049.wav,"Micawber aside, and received his promise.",3.249
00050,wavs/00050.wav,This is a secret service altogether.,2.56
00051,wavs/00051.wav,"Like its master, it was entirely devoid of hair, but was of a dark slate color and exceeding smooth and glossy.",8.221
00052,wavs/00052.wav,"She commenced to yell and beg him to stop, but he kept on kicking until he had kicked both sides of her ribs loose from the backbone.",8.325
00053,wavs/00053.wav,Leblanc's eye was fixed on these men.,2.388
00054,wavs/00054.wav,Cook slowly for one hour.,1.844
00055,wavs/00055.wav,"And this evil is injustice, or every man doing another's business.",4.645
00056,wavs/00056.wav,No fear of my forgetting to put the tea to draw when I have company.,4.422
00057,wavs/00057.wav,It was only to be had from the druggists as you nowadays buy an ounce of rhubarb.,5.31
00058,wavs/00058.wav,My memory is circumstantial and unshaken.,2.815
00059,wavs/00059.wav,Let us finish with this man at once.,2.48
00060,wavs/00060.wav,"The boys' hearts had stood still, and their hopes too, when the man moved, but their fears passed away now.",7.555
00061,wavs/00061.wav,They rose in dark and evil days.,2.273
00062,wavs/00062.wav,I found a little crowd of perhaps twenty people surrounding the huge hole in which the cylinder lay.,6.187
00063,wavs/00063.wav,They are some of my very old friends.,2.368
00064,wavs/00064.wav,There was a loud shriek from a woman behind.,2.628
00065,wavs/00065.wav,"One must speak a little, you know.",2.119
00066,wavs/00066.wav,The first beat of the hammer on the bell awoke me from my dreams.,3.828
00067,wavs/00067.wav,"How solemn they look there, stretch'd and still, How quiet they breathe, the little children in their cradles.",7.441
00068,wavs/00068.wav,You know what I mean-I don't know the words to put it in.,3.083
00069,wavs/00069.wav,"Time shocked rebounds, shock by shock.",3.391
00070,wavs/00070.wav,"The two problems require to be solved together, to be well solved.",4.522
00071,wavs/00071.wav,"Three pounds, thirteen and six.",2.688
00072,wavs/00072.wav,"Cheek me, I dare you.",1.767
00073,wavs/00073.wav,Marius was disturbed with regard to what his father was about to say to him.,4.627
00074,wavs/00074.wav,"He had no occasion, I thought, to cry out 'Silence!' so ferociously, for the boys were all struck speechless and motionless.",9.886
00075,wavs/00075.wav,"I always say that nothing is to be done in education without steady and regular instruction, and nobody but a governess can give it.",8.274
00076,wavs/00076.wav,"O banner so broad, with stripes, sing you only, Flapping up there in the wind.",5.621
00077,wavs/00077.wav,When I sit down here all within me is--is somehow stilled.,4.009
00078,wavs/00078.wav,The task is not a pleasant one.,1.917
00079,wavs/00079.wav,"Thus, then, the ship sped on her way through the watches of the night from dark till dawn.",5.982
00080,wavs/00080.wav,"She was opening some ring-boxes, which disclosed a fine emerald with diamonds, and just then the sun passing beyond a cloud sent a bright gleam over the table.",10.813
00081,wavs/00081.wav,"Go and gaze upon the iron emblematical harpoons round yonder lofty mansion, and your question will be answered.",7.758
00082,wavs/00082.wav,Heathcliff kicked his to the same place.,2.489
00083,wavs/00083.wav,"He chose to stand for a few moments talking to Helen, and persuading her to leave her seat.",6.231
00084,wavs/00084.wav,And the new government which thus arises will be of a form intermediate between oligarchy and aristocracy?,6.621
00085,wavs/00085.wav,"In the centre of the ceiling was scrawled, with a burned stick apparently, the number twenty-eight.",6.208
00086,wavs/00086.wav,"Surely I should not be wholly disappointed to-night, when I had so many things to say to him!",5.864
00087,wavs/00087.wav,The old woman straightened herself up in a fury.,3.081
00088,wavs/00088.wav,When Matthew came to think the matter over he decided that a woman was required to cope with the situation.,6.555
00089,wavs/00089.wav,Again that shrill screeching yell came floating to the ears of the astonished Indians.,5.097
00090,wavs/00090.wav,"The things themselves that affect us, they stand without doors, neither knowing anything themselves nor able to utter anything unto others concerning themselves.",10.378
00091,wavs/00091.wav,"He was ridiculously disappointed, as if he had imagined that her coming had anything to do with him.",6.106
00092,wavs/00092.wav,"Marius had, in fact, seen Jondrette passing along the Rue Mouffetard, and was spying on his proceedings.",7.714
00093,wavs/00093.wav,"Then I heard the slow, deliberate sound creeping towards me again.",4.125
00094,wavs/00094.wav,"This spot has become sanctified in my sight, and I have contracted a habit of coming hither to listen to the mass.",7.491
00095,wavs/00095.wav,"Looking down he saw flapping strongly, wheeling between the gaunt quaywalls, gulls.",5.931
00096,wavs/00096.wav,I desire to forget life.,1.916
00097,wavs/00097.wav,"The hair was the same, also the profile, so far as the cap permitted a view of it, the mien identical, only more depressed.",8.776
00098,wavs/00098.wav,"Remember, if he calls for liquors of any sort, not to give them to him.",5.281
00099,wavs/00099.wav,"The public ministry of the day proved its indefatigable zeal in the defence of society, in this instance.",6.773
00100,wavs/00100.wav,"Agnes has had her father to take care of for these many years, you should remember.",5.155
00101,wavs/00101.wav,Presently they were shoulder to shoulder.,2.237
00102,wavs/00102.wav,You talk of giving it the air of a gentleman's residence.,3.431
00103,wavs/00103.wav,I have not had a glimpse of one for weeks.,2.624
00104,wavs/00104.wav,"If it's a busy channel, as soon as you join it, the top of your screen will quickly be filled with messages.",6.951
00105,wavs/00105.wav,"On the sixth day of May, one thousand, seven hundred and nine, I took a solemn leave of his majesty, and all my friends.",8.828
00106,wavs/00106.wav,In one hour and five minutes I meet him at Waterloo Station.,3.995
00107,wavs/00107.wav,"Palmer, on her baby's account.",2.184
00108,wavs/00108.wav,"When day broke, and the battle was to begin, all the four-footed animals came running up with such a noise that the earth trembled.",8.565
00109,wavs/00109.wav,And now I can tolerably comprehend his behaviour.,3.367
00110,wavs/00110.wav,Rescue of fallen women.,1.836
00111,wavs/00111.wav,There are more coming!,1.254
00112,wavs/00112.wav,"Moreover, the vapour of camphor was in the air.",3.442
00113,wavs/00113.wav,I've been expecting trouble ever since she started to school.,3.89
00114,wavs/00114.wav,"Edna, with a motion or two, dragged herself on her knees before Mademoiselle Reisz, who took the glowing face between her two hands.",8.681
00115,wavs/00115.wav,"Elinor's satisfaction, at the moment of removal, was more positive.",4.858
00116,wavs/00116.wav,"God, who is on high, looks down on what I am doing at this moment, and that suffices.",6.481
00117,wavs/00117.wav,The whole street was full of clouds of black smoke.,3.373
00118,wavs/00118.wav,"How mercifully can our Creator treat His creatures, even in those conditions in which they seemed to be overwhelmed in destruction!",8.242
00119,wavs/00119.wav,This glossary is only a tiny subset of all of the various terms and other things that people regularly use on The Net.,7.778
00120,wavs/00120.wav,He said it was too late.,1.652
00121,wavs/00121.wav,Meade and I rode in advance.,1.867
00122,wavs/00122.wav,Nobody was hard with him or with me.,2.339
00123,wavs/00123.wav,"The rainy season was in the meantime upon me, when I kept more within doors than at other times.",6.436
00124,wavs/00124.wav,The words were hardly out of my mouth when we both saw him.,3.479
00125,wavs/00125.wav,"In a minute I had my face under their bonnets, in contact first with Mary's soft cheek, then with Diana's flowing curls.",8.521
00126,wavs/00126.wav,"The junction once formed and the ridge carried, communications will be at once established between the two armies by roads on the south bank of the river.",9.423
00127,wavs/00127.wav,"He then gave directions to Dan, who cut a long stick and fastened it to two saplings, one of which grew just in front of the fire.",8.797
00128,wavs/00128.wav,"His expensiveness is acknowledged even by himself, and his whole conduct declares that self-denial is a word hardly understood by him.",8.723
00129,wavs/00129.wav,A bitter blast swept across the square.,2.568
00130,wavs/00130.wav,Excites them also when they're.,1.853
00131,wavs/00131.wav,To the finny people's king.,1.564
00132,wavs/00132.wav,"Her voice was low and seductive, though she spoke absently enough, the sight of town and river being still present to her mind.",8.059
00133,wavs/00133.wav,She sat in comparative calmness to hear what else he had to tell.,4.169
00134,wavs/00134.wav,"There's Jaggers, and there's Wemmick, and there's you.",3.336
00135,wavs/00135.wav,He was in the very place where the judges deliberated and condemned.,4.024
00136,wavs/00136.wav,"And so they will be drawn by a necessity of their natures to have intercourse with each other-necessity is not too strong a word, I think?",8.923
00137,wavs/00137.wav,As if the main object were to talk fast and not to talk sensibly.,4.704
00138,wavs/00138.wav,Would not Harriet be the very creature described?,3.158
00139,wavs/00139.wav,"Hughling Elliot, who might have been expected to engage the old gentleman in argument, was absent at the moment.",7.4
00140,wavs/00140.wav,"No, we should not have heard, if it had not been for this particular circumstance, of her being to come here so soon.",7.881
00141,wavs/00141.wav,The eyes that wish me well.,1.787
00142,wavs/00142.wav,"My nigger had a monstrous easy time, because I warn't used to having anybody do anything for me, but Buck's was on the jump most of the time.",9.285
00143,wavs/00143.wav,"In fact, the exhortation seemed rather a superfluous one to a man with a great pair of iron fetters on his feet.",7.497
00144,wavs/00144.wav,Wolf took the direction of the flowing water.,2.714
00145,wavs/00145.wav,"Though careless enough in most matters of eating, he loved good fruit-or if he did not, his friends and children did.",7.674
00146,wavs/00146.wav,"Yes, I answer, if one had to live simply to keep out of the rain.",4.809
00147,wavs/00147.wav,Vast quantities of stores had been accumulated in and around the fortress.,4.966
00148,wavs/00148.wav,Exult O lands! victorious lands!,3.566
00149,wavs/00149.wav,Her observation had been pretty correct.,2.237
00150,wavs/00150.wav,Miss we the march of this retreating world Into old citadels that are not walled.,4.902
00151,wavs/00151.wav,"So they went up to the Mock Turtle, who looked at them with large eyes full of tears, but said nothing.",6.59
00152,wavs/00152.wav,That last line is a prompt asking you to do something.,3.299
00153,wavs/00153.wav,"With hundreds of ftp sites now on the Net, however, this list barely scratches the surface of what is available.",8.024
00154,wavs/00154.wav,I really am quite agitated on the subject.,3.268
00155,wavs/00155.wav,"I had imagined that, the chance gone, I should have time to reflect and discuss the matter.",5.888
00156,wavs/00156.wav,"They were civil to each other when chance threw them together, but Betty usually left the room on some pretext soon after he entered.",8.504
00157,wavs/00157.wav,"As to Sherman, he could not be spared from the West.",3.38
00158,wavs/00158.wav,"O Lord, help us!",1.774
00159,wavs/00159.wav,"Helen advised bed, and she went, not seeing Richard again.",4.563
00160,wavs/00160.wav,"At the head and in the rear of the convoy rode mounted gendarmes, serious and with sword in fist.",6.217
00161,wavs/00161.wav,Again she read on.,1.179
00162,wavs/00162.wav,"All His pictures are like that, if you've noticed.",3.257
00163,wavs/00163.wav,The mirror was in shadow.,1.727
00164,wavs/00164.wav,"In the other cases the shells had missed, and the batteries had been at once annihilated by the Heat-Rays.",6.673
00165,wavs/00165.wav,Reed that she would rear and maintain me as one of her own children.,3.659
00166,wavs/00166.wav,Over Descartian vortices you hover.,2.409
00167,wavs/00167.wav,And why no other children born?,2.048
00168,wavs/00168.wav,Asking what's up now.,1.519
00169,wavs/00169.wav,"Clare, handing the paper.",1.803
00170,wavs/00170.wav,"And the laws which they make must be obeyed by their subjects,-and that is what you call justice?",6.129
00171,wavs/00171.wav,You better stay here all night.,1.824
00172,wavs/00172.wav,"He raised himself up quickly, but the whole of the hair of his head was already golden and shone like the sun.",6.748
00173,wavs/00173.wav,"However, stay at home if you want to.",2.613
00174,wavs/00174.wav,"My life was even then gloomy, ill-regulated, and as solitary as that of a savage.",5.949
00175,wavs/00175.wav,There was that strange light in her eyes that always impressed Legree with uneasiness.,5.14
00176,wavs/00176.wav,"She is a heavy, solid person, very limited, intensely respectable, and inclined to be puritanical.",7.829
00177,wavs/00177.wav,This desire suddenly came upon Tom one day.,3.004
00178,wavs/00178.wav,"They have almost all died unawares, sitting in the sanctuary they had guarded and which is now no more.",6.868
00179,wavs/00179.wav,Why the shots ceased after the tenth no one on earth has attempted to explain.,5.096
00180,wavs/00180.wav,I have never thought you cared for me.,2.229
00181,wavs/00181.wav,"I have lifted it for a moment, even in this narrative, with a reluctant hand, and dropped it gladly.",6.884
00182,wavs/00182.wav,He was equally at her service.,2.008
00183,wavs/00183.wav,Do you own a dog?,1.059
00184,wavs/00184.wav,And Dorothea was not at ease in the perspective and chilliness of that height.,4.359
00185,wavs/00185.wav,He walked by her side.,1.502
00186,wavs/00186.wav,"Only that known popularly as the red weed, however, gained any footing in competition with terrestrial forms.",7.667
00187,wavs/00187.wav,"John is to stay in town over night, and won't be out until this evening.",5.139
00188,wavs/00188.wav,"Here, in their diving-dresses, pick axe and shovel in hand, my men extract the coal, which I do not even ask from the mines of the earth.",10.22
00189,wavs/00189.wav,"Could you, in such a case, tell surely of any company of civilized men, which belonged to the most respected class?",8.262
00190,wavs/00190.wav,"Six weeks off, however.",2.109
00191,wavs/00191.wav,And the skulls we were acracking when M'Carthy took the floor.,3.854
00192,wavs/00192.wav,I have never denied him a wish.,2.088
00193,wavs/00193.wav,"Let us now return to the operations in the military division of the Mississippi, and accompany Sherman in his march to the sea.",8.015
00194,wavs/00194.wav,"As I passed him, his teeth loudly chattered in his head, and with every mark of extreme humiliation, he prostrated himself in the dust.",9.646
00195,wavs/00195.wav,"To provision an army, campaigning against so formidable a foe through such a country, from wagons alone seemed almost impossible.",8.92
00196,wavs/00196.wav,The soldiers near the gun waved their arms and beat the horses to make them turn and move on.,5.123
00197,wavs/00197.wav,My besetting sin is imagining too much and forgetting my duties.,4.112
00198,wavs/00198.wav,The multitudinous shouting confused his ears.,3.298
00199,wavs/00199.wav,"I am here, in a capacity of confidence.",3.068
00200,wavs/00200.wav,You couldn't be so heartless as to disown him.,2.675
00201,wavs/00201.wav,He hopped down from his perch and began to search his trouser pockets hastily.,4.718
00202,wavs/00202.wav,"O hateful hands, to tear such loving words!",3.615
00203,wavs/00203.wav,"Well, we heard him say--didn't we, Jane?--'Who is that girl on the platform with the splendid Titian hair?",7.681
00204,wavs/00204.wav,"Your thoughts, he said, are the reflection of my own.",3.642
00205,wavs/00205.wav,I will see if I can explain them to you.,2.39
00206,wavs/00206.wav,"I grew used to everything, or rather I voluntarily resigned myself to enduring it.",5.739
00207,wavs/00207.wav,"Myriel was installed in the episcopal palace with the honors required by the Imperial decrees, which class a bishop immediately after a major-general.",9.736
00208,wavs/00208.wav,He now resumed the book with which he had been occupied before tea.,4.307
00209,wavs/00209.wav,"Let you be going down the markets, and what would you see for sale?",4.226
00210,wavs/00210.wav,"The ineffaceable, sad birth-mark in the brow of man, is but the stamp of sorrow in the signers.",6.648
00211,wavs/00211.wav,"He was the innocentest, best old soul I ever see.",4.292
00212,wavs/00212.wav,"Peggotty himself, whom she could have coaxed into anything, by only going and laying her cheek against his rough whisker.",8.021
00213,wavs/00213.wav,Mr Deasy looked down and held for awhile the wings of his nose tweaked between his fingers.,5.832
00214,wavs/00214.wav,The slight had been most determined.,1.917
00215,wavs/00215.wav,A hum of approval was heard from several of the passengers.,3.683
00216,wavs/00216.wav,Softly we stole along until we had come into the other wing.,3.646
00217,wavs/00217.wav,"He took it from my hand, held it up, and surveyed the bed, all blackened and scorched, the sheets drenched, the carpet round swimming in water.",9.779
00218,wavs/00218.wav,The foot races came first.,1.932
00219,wavs/00219.wav,And he emphasized this phrase by making his bunch of seals execute an expressive whirl.,5.682
00220,wavs/00220.wav,"Ravished over her I lay, full lips full open, kissed her mouth.",4.759
00221,wavs/00221.wav,Else I should give him our own bottle o' rum as we keep by us.,3.787
00222,wavs/00222.wav,"Sherman will move at the same time you do, or two or three days in advance, Jo.",5.599
00223,wavs/00223.wav,"Portals of discovery opened to let in the quaker librarian, softcreakfooted, bald, eared and assiduous.",7.942
00224,wavs/00224.wav,The Cossack raised his arm and a shot rang out.,3.074
00225,wavs/00225.wav,"Then, after waiting a minute, I went myself behind his screen with a dignified and solemn air, though my heart was beating slowly and violently.",10.358
00226,wavs/00226.wav,Vincent and Lucy were soon seated by the fire.,3.128
00227,wavs/00227.wav,"This might have been taken as an expression of sorrow and devotion, or of weariness and hope of resting before long.",7.395
00228,wavs/00228.wav,And he had begun now to frame possibilities for the future which were somehow more embittering to him than anything his mind had dwelt on before.,8.727
00229,wavs/00229.wav,The prospect in the morning was not cheering.,2.636
00230,wavs/00230.wav,"Jean Valjean also had seen and heard, and he had silently removed his coat and flung it on the pile with the rest.",7.62
00231,wavs/00231.wav,"This room was my late master's favourite room, and these miniatures are just as they used to be then.",6.29
00232,wavs/00232.wav,"At eight o'clock, armed with guns and hatchets, we got off the Nautilus.",5.172
00233,wavs/00233.wav,But I couldn't help it.,1.261
00234,wavs/00234.wav,You cannot say that I have ever tried to hinder you from working.,3.527
00235,wavs/00235.wav,"At this speech the rabbit's son became angered, and fastened an arrow to his bow and drove the arrow through the bear's heart.",7.267
00236,wavs/00236.wav,"The member of the Convention extended his hand to the Bishop, but the Bishop did not take it.",5.656
00237,wavs/00237.wav,"Your brother was, I believe, unmarried, was he not?",4.077
00238,wavs/00238.wav,"Zinfandel's the favourite, Lord Howard de Walden's, won at Epsom.",5.045
00239,wavs/00239.wav,"Isabella's countenance was once more all smiles and good humour, and James too looked happy again.",6.615
00240,wavs/00240.wav,"By-and-by he raised up part way and listened, with his head to one side.",4.692
00241,wavs/00241.wav,"This Greek, Lord Byron informs me, though a poet and an enthusiastic patriot, gave him rather the idea of a timid and unenterprising person.",10.208
00242,wavs/00242.wav,Elliot about country neighbours.,2.055
00243,wavs/00243.wav,He could give no satisfactory account of himself.,3.291
00244,wavs/00244.wav,"But in the midst of his hesitation, opportunity came to decide him.",4.454
00245,wavs/00245.wav,"By thunder, if that chap can't find my missing boot there will be trouble.",4.723
00246,wavs/00246.wav,"I imagine he did not think I was a beggar, but only an eccentric sort of lady, who had taken a fancy to his brown loaf.",8.654
00247,wavs/00247.wav,Her hand trembled too as she took it.,2.307
00248,wavs/00248.wav,"It gave him a surprised look--not to say a hearth-broomy kind of expression--which, my apprehensions whispered, might be fatal to us.",9.66
00249,wavs/00249.wav,But together with this mental change he has grown physically much weaker.,4.145
00250,wavs/00250.wav,"There was little roughness in the sport, and much playfulness.",3.944
00251,wavs/00251.wav,"Sanctus Jacobus hee was my Saint, pray to him.",3.503
00252,wavs/00252.wav,I know you will pray over it.,1.645
00253,wavs/00253.wav,"To secure the possession of this land required the co-operation of a land force, which I agreed to furnish.",7.252
00254,wavs/00254.wav,He did whatever he could.,1.604
00255,wavs/00255.wav,"Dumont d'Urville, much perplexed, and not knowing how to credit the reports of low-class journals, decided to follow Dillon's track.",9.07
00256,wavs/00256.wav,"He followed the man, reached the window, saw the abstraction of the documents, and pursued the thief.",6.921
00257,wavs/00257.wav,He would never bring misery upon any one.,2.732
00258,wavs/00258.wav,"His reading has done him no harm, for he has fought as well as read.",4.438
00259,wavs/00259.wav,"Considering all things, he did not want to pity her, and yet it was all he could do to help it.",6.396
00260,wavs/00260.wav,This world pays dividends.,2.049
00261,wavs/00261.wav,If he failed to return then they were to ride out on the rustlers.,3.88
00262,wavs/00262.wav,So she had managed to fling it from her hand on the table at the moment when I had dashed into the further corner.,6.821
00263,wavs/00263.wav,"Heathcliff, as I thought, walked through to the barn.",3.449
00264,wavs/00264.wav,One of those mixed middlings he is.,2.198
00265,wavs/00265.wav,Sommers bought two high-priced magazines such as she had been accustomed to read in the days when she had been accustomed to other pleasant things.,9.017
00266,wavs/00266.wav,"Moscow was burned by its inhabitants, it is true, but by those who had abandoned it and not by those who remained in it.",8.158
00267,wavs/00267.wav,"And truly, reaction soon showed itself.",3.12
00268,wavs/00268.wav,His mind was too busy trying to give some definite bearing to Dolly's words for him to think of answering her.,6.877
00269,wavs/00269.wav,"This presented to the eye, something in the nature of a reed-pipe of young girls, a sort of living Pan-pipe made of angels.",8.301
00270,wavs/00270.wav,"There are practices and there are acts which, owing to circumstances, the law cannot visit, though they may be worse than many things which are legally punishable.",10.365
00271,wavs/00271.wav,"Few strangers visited this edifice, no passer-by looked at it.",4.411
00272,wavs/00272.wav,"Coleridge had on the anvil various Books, especially was about to write one grand Book On the Logos, which would help to bridge the chasm for us.",9.252
00273,wavs/00273.wav,I couldn't stood it much longer.,1.878
00274,wavs/00274.wav,"At this dance, the Lone Warrior gave to each poor family five head of horses.",5.635
00275,wavs/00275.wav,"Pepper, who were strolling about, waiting for the tournament to begin.",4.238
00276,wavs/00276.wav,Her niece thought it perfectly reasonable.,2.438
00277,wavs/00277.wav,"The eldest Jondrette girl had retired behind the door, and was staring with sombre eyes at that velvet bonnet, that silk mantle, and that charming, happy face.",11.657
00278,wavs/00278.wav,There are many laws but no one to carry out the old ones.,3.824
00279,wavs/00279.wav,"Madam, dinner is ready, and your father stays.",3.537
00280,wavs/00280.wav,"He is over five-and-forty, you know.",2.523
00281,wavs/00281.wav,Detach a portion of the narrow end and trim off any adhering inner skin.,4.81
00282,wavs/00282.wav,"Glinda leaned forward and kissed the sweet, upturned face of the loving little girl.",4.999
00283,wavs/00283.wav,"Some intense associations of a most distressing nature were vividly recalled, I think.",6.011
00284,wavs/00284.wav,"Think what it is to strangle infant pity, Cradled in the belief of guileless looks, Till it become a crime to suffer.",7.898
00285,wavs/00285.wav,"Nearly every day, for some time, the panels of the drawing-room were opened, and we were never tired of penetrating the mysteries of the submarine world.",10.043
00286,wavs/00286.wav,"But now tell me, and tell me true, can you give me any news of my son Orestes?",6.044
00287,wavs/00287.wav,The answer was evasive.,1.745
00288,wavs/00288.wav,"He said, with exceeding gravity, 'Pardon me,' and proceeded, with a mixture of the lowest spirits and the most intense enjoyment, to the peroration of his letter.",10.726
00289,wavs/00289.wav,"When Genoa declared itself free, his hopes were at their highest.",4.461
00290,wavs/00290.wav,But to forestall the French with his whole army was impossible.,3.771
00291,wavs/00291.wav,"He always had a plentiful supply of deer, antelope, buffalo and beaver meats on hand, but there came a change.",7.986
00292,wavs/00292.wav,Of love itself he had lost the instincts and the sudden illuminations.,4.406
00293,wavs/00293.wav,Sir James let his whip fall and stooped to pick it up.,3.59
00294,wavs/00294.wav,I said it but to awe thee.,1.555
00295,wavs/00295.wav,Their bodies stuck in the hole.,1.959
00296,wavs/00296.wav,"He knew by heart the few lines which the colonel had written, and, consequently, nothing was lost.",6.963
00297,wavs/00297.wav,"I could not give her pain by asking what it was, for I knew that she withheld it from me, to spare her father.",7.407
00298,wavs/00298.wav,"The sounds that soothed his sleep, The mystery and the majesty of Earth, The joy, the exultation?",7.097
00299,wavs/00299.wav,"It was the first day for many, many weeks, in which the families had been wholly divided.",6.163
00300,wavs/00300.wav,"Never, by this hand, shall we behold such another.",4.126
00301,wavs/00301.wav,"All indications pointed also to the probable necessity of supplying Burnside's command in East Tennessee, twenty-five thousand more, by the same route.",10.222
00302,wavs/00302.wav,This was committed to Friday and the two men who came on shore with the captain.,4.614
00303,wavs/00303.wav,"I have no fears for you, yet I am anxious that you should take this trouble rightly.",4.978
00304,wavs/00304.wav,"We went in at the door, which stood open, and into a gloomy room with a low ceiling, on the ground-floor at the back.",7.669
00305,wavs/00305.wav,I've got some news for you.,1.82
00306,wavs/00306.wav,"After watching her a little, Fitzwilliam asked her why she was so thoughtful.",4.869
00307,wavs/00307.wav,Edmund's feelings were for the other two.,2.265
00308,wavs/00308.wav,"By all which acquirements, I should be a living treasure of knowledge and wisdom, and certainly become the oracle of the nation.",7.87
00309,wavs/00309.wav,"There passed them the barbarians, with their great tents on wheels.",4.171
00310,wavs/00310.wav,"It's very funny when well done, and makes a perfect jumble of tragical comical stuff to laugh over.",6.72
00311,wavs/00311.wav,Wickham began the subject himself.,2.483
00312,wavs/00312.wav,Javert caught sight of the nun and halted in amazement.,3.156
00313,wavs/00313.wav,The preachers had high platforms to stand on at one end of the sheds.,4.54
00314,wavs/00314.wav,"To his own surprise Will felt suddenly uncomfortable, and dared not look at her after they had bowed to each other.",6.926
00315,wavs/00315.wav,"Dredge fruit, and add last.",2.078
00316,wavs/00316.wav,"He slipped from under the gate where he had concealed himself, and went down the Rue des Postes, towards the region of the Jardin des Plantes.",8.958
00317,wavs/00317.wav,"Half-a-dozen gas-lamps out of the street wouldn't have lighted the entry too well, so you may suppose that it was pretty dark with Scrooge's dip.",9.165
00318,wavs/00318.wav,Is there anything I can do for you in town?,2.769
00319,wavs/00319.wav,Then they waited in silence for what seemed a long time.,3.749
00320,wavs/00320.wav,Ned and Conseil rose to go.,1.987
00321,wavs/00321.wav,"Tom by this time had gained his feet, and was confronting his master with a steady, unmoved front.",7.14
00322,wavs/00322.wav,"The tranquillity and peace belonging, of old, to that quiet ground in my memory, pervaded it again.",7.105
00323,wavs/00323.wav,"I saw the same ill-favoured smile upon his face again, and saw how he watched me.",5.765
00324,wavs/00324.wav,It was good of you to think of us.,2.096
00325,wavs/00325.wav,Be infinitely cleverer and not half so conceited.,3.446
00326,wavs/00326.wav,Didn't like dar looks nohow.,1.967
00327,wavs/00327.wav,"Probably it had never had an owner, and it still belonged to nobody and had no name.",5.805
00328,wavs/00328.wav,What's to be done with you I don't know.,2.415
00329,wavs/00329.wav,Lucky fellow to get her!,1.541
00330,wavs/00330.wav,"I want him to go away-to Stone Court, for example.",3.662
00331,wavs/00331.wav,"This fact alone, from its generality, seems to have shaken Professor Pictet in his firm belief in the immutability of species.",8.836
00332,wavs/00332.wav,"Thus the time went on, wearing a calm, bright look upon its surface.",5.083
00333,wavs/00333.wav,Therein no fairy's arm can transcend it.,2.642
00334,wavs/00334.wav,It was arranged that the couple should live with the grandfather-M.,3.614
00335,wavs/00335.wav,Let a handful suffice.,1.673
00336,wavs/00336.wav,To add to her embarrassment she found herself seated opposite Alfred at the table.,5.277
00337,wavs/00337.wav,All at once a shudder ran through him.,2.355
00338,wavs/00338.wav,"But she had to force herself to attend, for what he was saying did not interest her at all.",5.802
00339,wavs/00339.wav,"First let us set our hand and seale to this, And then Ile tell thee what I meane to doe.",6.071
00340,wavs/00340.wav,Kitty and Lydia take his defection much more to heart than I do.,4.25
00341,wavs/00341.wav,He had never before heard its like.,2.341
00342,wavs/00342.wav,Mary took out the folded money from her reticule and put it into her father's hand.,5.184
00343,wavs/00343.wav,"Becky, glancing in at a window behind him at the moment, saw the act, and moved on, without discovering herself.",7.853
00344,wavs/00344.wav,She wondered when he would come back.,2.092
00345,wavs/00345.wav,"Two gaolers, who had been standing there, went out, and the prisoner was brought in, and put to the bar.",7.064
00346,wavs/00346.wav,"Whether these creatures faded into mist, or mist enshrouded them, he could not tell.",5.776
00347,wavs/00347.wav,"Athwart the unhealthy perceptions of an incomplete nature and a crushed intelligence, he was confusedly conscious that some monstrous thing was resting on him.",9.778
00348,wavs/00348.wav,I taught him to sing The boys of Kilkenny are stout roaring blades.,4.31
00349,wavs/00349.wav,"To the Three Jolly Bargemen, therefore, I directed my steps.",4.867
00350,wavs/00350.wav,"I feel that I should not tell you all this, but I can't help it.",4.334
00351,wavs/00351.wav,"The foremost Frenchman, the one with the hooked nose, was already so close that the expression of his face could be seen.",7.811
00352,wavs/00352.wav,"Will either passengers, or patients, find fault and complain, either the one if they be well carried, or the others if well cured?",8.682
00353,wavs/00353.wav,"I have an admiration for her character, and I may congratulate you, Copperfield, on being on the right side.",7.419
00354,wavs/00354.wav,I suppose the opening prospect confused me.,3.067
00355,wavs/00355.wav,"But a proclamation was soon issued, to forbid it upon pain of death.",4.725
00356,wavs/00356.wav,"That some whirlwind bear Unto a ragged, fearful, hanging rock, And throw it thence into the raging sea.",7.36
00357,wavs/00357.wav,"He dined with Cosette, and he had a loaf of black bread on the table for his own use.",5.678
00358,wavs/00358.wav,With that he swung in his saddle as if to dismount.,2.888
00359,wavs/00359.wav,"They saw a fire smouldering upon a great raft a hundred yards above, and they went stealthily thither and helped themselves to a chunk.",8.631
00360,wavs/00360.wav,"Yes, just there,-in there, he's sleeping.",3.527
00361,wavs/00361.wav,Could have given that address too.,1.735
00362,wavs/00362.wav,"Moscow was set on fire by the soldiers' pipes, kitchens, and campfires, and by the carelessness of enemy soldiers occupying houses they did not own.",10.785
00363,wavs/00363.wav,His majesty desired I would take some other opportunity of bringing all the rest of his enemy's ships into his ports.,7.459
00364,wavs/00364.wav,"My first was to secure some safe place of refuge, and to make myself such arms of metal or stone as I could contrive.",8.751
00365,wavs/00365.wav,"Now, I beseech you, do tell me, have you ever attended to their pairing and breeding?",5.656
00366,wavs/00366.wav,It seemed natural and human.,1.742
00367,wavs/00367.wav,Collins's making two offers of marriage within three days was nothing in comparison of his being now accepted.,7.111
00368,wavs/00368.wav,Cemetery put in of course on account of the symmetry.,3.34
00369,wavs/00369.wav,"It will take some time, but the view should be magnificent.",3.482
00370,wavs/00370.wav,There were the four lines outlined with inexorable clearness.,3.649
00371,wavs/00371.wav,You will like him so much.,1.592
00372,wavs/00372.wav,Darkness was fast approaching when he first realized that he was lost.,4.531
00373,wavs/00373.wav,"Elizabeth was surprised, but said not a word.",3.39
00374,wavs/00374.wav,"After that, he retired for the night, shutting the outer door upon us with a bang.",5.605
00375,wavs/00375.wav,The command to form up rang out and the sabers whizzed as they were drawn from their scabbards.,5.669
00376,wavs/00376.wav,But this is not all.,1.378
00377,wavs/00377.wav,"He recounts with pride the events of a long and upright life, in which he has wronged no man, and lived in harmony with his friends and family.",9.338
00378,wavs/00378.wav,Of course it's years ago.,1.641
00379,wavs/00379.wav,"Marie lifted her large eyes on her cousin with an air of some curiosity, and received her with languid politeness.",7.6
00380,wavs/00380.wav,At that instant again came the voice of the savant.,3.22
00381,wavs/00381.wav,No line like that warped his red lips.,2.568
00382,wavs/00382.wav,"He had chosen this work, he said, because the declamatory style was framed in imitation of the Eastern authors.",7.887
00383,wavs/00383.wav,Wasn't it a lovely place?,1.745
00384,wavs/00384.wav,One triumph of a united humanity over Nature had followed another.,4.339
00385,wavs/00385.wav,"And I'd rather have it than any title such as girls snap up so readily, and find nothing behind.",6.751
00386,wavs/00386.wav,"I thought I had become deaf, for the noises of movement I had been accustomed to hear from the pit had ceased absolutely.",7.575
00387,wavs/00387.wav,"Two green Martian communities had been wiped off the face of Barsoom by the avenging fleets, but no trace of Dejah Thoris had been found.",9.311
00388,wavs/00388.wav,"Heep repeatedly complaining that she was worse, Agnes charitably remained within, to bear her company.",6.585
00389,wavs/00389.wav,They reek of decay and death.,1.747
00390,wavs/00390.wav,"It's three o'clock in the morning, and I've got all my faculties as well as ever I had in my life.",6.01
00391,wavs/00391.wav,You have got it?,0.9
00392,wavs/00392.wav,"You do more, under the pretext of unmasking yourself, you calumniate yourself.",5.73
00393,wavs/00393.wav,All that's happened so far is through our not having the sense to keep quiet-worrying them with guns and such foolery.,7.217
00394,wavs/00394.wav,"Just in time, sir.",1.896
00395,wavs/00395.wav,"I said so, and he took me down.",2.588
00396,wavs/00396.wav,"Now, go on, dear boy.",2.394
00397,wavs/00397.wav,Bake in a moderate oven about half an hour.,2.809
00398,wavs/00398.wav,I shall send you my copy.,1.879
00399,wavs/00399.wav,"I echoed, with all my heart and soul, that it was like himself.",4.652
00400,wavs/00400.wav,"The copperhead disreputable portion of the press magnified rebel successes, and belittled those of the Union army.",7.494
00401,wavs/00401.wav,"Dost thou recall our innumerable joys, and all those fichus changed to rags?",5.359
00402,wavs/00402.wav,So Cosette's fortune is really hers.,2.833
00403,wavs/00403.wav,Hast thou then faded?,1.654
00404,wavs/00404.wav,He took off his hat.,1.54
00405,wavs/00405.wav,It's such a responsibility having a minister's family to tea.,4.034
00406,wavs/00406.wav,"I'm going into business with a devotion that shall delight Grandfather, and prove to him that I'm not spoiled.",6.575
00407,wavs/00407.wav,"Most long-distance phone traffic is already carried in digital form, through high-volume optical fibers.",7.107
00408,wavs/00408.wav,"Jean Valjean felt his heart melt within him with delight, at all these sparks of a tenderness so exclusive, so wholly satisfied with himself alone.",9.682
00409,wavs/00409.wav,"As early as six o'clock in the morning, sallow faces peeping through its barred windows had descried other faces within, bending over measures of wine.",10.309
00410,wavs/00410.wav,Some blankets rolled in a waterproof lay upon that very stone slab upon which Neolithic man had once slumbered.,7.47
00411,wavs/00411.wav,"Ferrars was the most unfortunate of women-poor Fanny had suffered agonies of sensibility-and he considered the existence of each, under such a blow, with grateful wonder.",11.242
00412,wavs/00412.wav,"So all bring your cups and wooden dishes along with your horn spoons, as there will be plenty to eat.",6.215
00413,wavs/00413.wav,"I am ashamed to record it, but I really believe I forgot Dora for a little while.",5.238
00414,wavs/00414.wav,"My eyes, dazzled with the outer light, could distinguish nothing.",4.262
00415,wavs/00415.wav,"When I awoke, I was much surprised to find Joe sitting beside me, smoking his pipe.",6.111
00416,wavs/00416.wav,I was merely joking.,1.653
00417,wavs/00417.wav,He had even at need contrived to aid and multiply the industries of other arrondissements.,5.611
00418,wavs/00418.wav,"A poysoned knife? what, shall the French king dye, Wounded and poysoned, both at once?",7.479
00419,wavs/00419.wav,Sommers did to her surroundings.,2.021
00420,wavs/00420.wav,Went too far last time.,1.695
00421,wavs/00421.wav,"The point on which we are certain is, that the difficulties of faith never resolved themselves into hypocrisy in his case.",7.661
00422,wavs/00422.wav,They travelled awhile under the flowering cottonwoods on a trail bordered with green tufts of grass and great star-shaped lilies.,7.974
00423,wavs/00423.wav,"With a little more wit we might use these materials so as to become richer than the richest now are, and make our civilization a blessing.",8.118
00424,wavs/00424.wav,"He remembered the contents, which in truth he rattled off very glibly when put to the test.",6.139
00425,wavs/00425.wav,Bhaer had never told it.,1.805
00426,wavs/00426.wav,Why on earth don't you go up and change?,2.471
00427,wavs/00427.wav,Jean Valjean stared silently at the wall opposite him.,3.707
00428,wavs/00428.wav,"The countess, sobbing heavily, hid her face on her daughter's breast, while Nicholas rose, clutching his head, and left the room.",9.498
00429,wavs/00429.wav,Pikes clash on cuirasses.,2.0
00430,wavs/00430.wav,He found not a word to say.,1.974
00431,wavs/00431.wav,"The effect is very fine, when considered with reference to its presenting the hardy fishermen under one of their few aspects of oriental repose.",9.453
00432,wavs/00432.wav,But it was impossible to make the Cossacks budge when once they had got booty and prisoners.,5.807
00433,wavs/00433.wav,Then according to your argument it is just to injure those who do no wrong?,4.526
00434,wavs/00434.wav,"So then she started for the house, leading me by the hand, and the children tagging after.",5.826
00435,wavs/00435.wav,"It must be done, as I may say, on the sly.",3.551
00436,wavs/00436.wav,Diana got so excited that she offered to bet me ten cents that the red horse would win.,5.392
00437,wavs/00437.wav,"But this fine young savage-this sea Prince of Wales, never saw the Captain's cabin.",5.712
00438,wavs/00438.wav,Lily is only five years old and she is very beautiful and had nut-brown hair.,5.208
00439,wavs/00439.wav,"But then you must be sure of having the value, and you must keep yourself independent.",5.471
00440,wavs/00440.wav,"The boys stretched themselves upon the floor with their eyes to knotholes in the planking, and lay waiting, in a misery of fear.",8.207
00441,wavs/00441.wav,"On the eighteenth of June, one thousand, eight hundred and fifteen, he relied all the more on his artillery, because he had numbers on his side.",9.707
00442,wavs/00442.wav,"In height he was rather over six feet, and so excessively lean that he seemed to be considerably taller.",6.733
00443,wavs/00443.wav,"And gradually from week to week the character of each tree came out, and it admired itself reflected in the smooth mirror of the lake.",8.333
00444,wavs/00444.wav,"But you mustn't ever tell anybody-will you, Tom?",3.094
00445,wavs/00445.wav,"The wanton and vigorous vegetation quivered, full of strength and intoxication, around these two innocents, and they uttered words of love which set the trees to trembling.",11.404
00446,wavs/00446.wav,"This crosses all three streams at once, and leaves us still where we can draw supplies.",5.966
00447,wavs/00447.wav,God must not be judged from appearances.,3.137
00448,wavs/00448.wav,"Do try, if you can, to get word to him.",3.184
00449,wavs/00449.wav,Once in a while he withdrew his glance from the newspaper and looked about him.,4.603
00450,wavs/00450.wav,I will certainly encourage them.,1.883
00451,wavs/00451.wav,"There were other children beside, and two nurse-maids followed, looking disagreeable and resigned.",6.387
00452,wavs/00452.wav,"He clicked his heels together, raised his hand in a salute, and was gone.",5.04
00453,wavs/00453.wav,We don't do things.,1.452
00454,wavs/00454.wav,And then I remembered that strange terror of the dark.,3.582
00455,wavs/00455.wav,In the great old-fashioned fireplace behind the high iron dogs a log-fire crackled and snapped.,6.493
00456,wavs/00456.wav,He had been seated before the door of the main house.,3.13
00457,wavs/00457.wav,"Oh! it's killing, a breath of night air!",3.565
00458,wavs/00458.wav,"Why, what do ye think ye are?",2.547
00459,wavs/00459.wav,Myeerah's face was pale and her eyes burned like fire.,3.519
00460,wavs/00460.wav,"Up, guards, and at them!",2.24
00461,wavs/00461.wav,That was what she said last week when Jane invited me to go with them in their double-seated buggy to the American concert at the White Sands Hotel.,9.057
00462,wavs/00462.wav,The candle was nearing its end.,1.918
00463,wavs/00463.wav,You filled me with a wild desire to know everything about life.,4.082
00464,wavs/00464.wav,Towards four o'clock the condition of the English army was serious.,3.98
00465,wavs/00465.wav,"Well preserved fat corpse, gentleman, epicure, invaluable for fruit garden.",5.953
00466,wavs/00466.wav,They wondered how one so charming and graceful as he was could have escaped the stain of an age that was at once sordid and sensual.,8.059
00467,wavs/00467.wav,"At two o'clock the raven could be seen approaching, and this time her coachman and everything about her, as well as her horses, were black.",8.657
00468,wavs/00468.wav,"She rolled up her knitting when she had said those words, and presently took the rose out of the handkerchief that was wound about her head.",7.971
00469,wavs/00469.wav,Be interesting some day get a pass through Hancock to see the brewery.,4.28
00470,wavs/00470.wav,"Chaske having won first honors, asked his friend to perform the scalping deed, which he did.",6.426
00471,wavs/00471.wav,What a lesson for him!,1.316
00472,wavs/00472.wav,"There was a long pause, while a blackbird sung blithely on the willow by the river, and the tall grass rustled in the wind.",8.167
00473,wavs/00473.wav,They are exclusively woodland.,2.128
00474,wavs/00474.wav,Finally the sounds ceased.,1.741
00475,wavs/00475.wav,It was a pleasure even to see him.,2.327
00476,wavs/00476.wav,Same old dingdong always.,1.917
00477,wavs/00477.wav,"Then he came out of his meditation, and drank more wine.",3.799
00478,wavs/00478.wav,"It was dirty, indeed, but what did that signify?",3.562
00479,wavs/00479.wav,"Divine instinct, breadth of vision, the law of reason, health, rudeness of body, withdrawnness, Gayety, sun-tan, air-sweetness, such are some of the words of poems.",13.719
00480,wavs/00480.wav,I water them myself.,1.516
00481,wavs/00481.wav,"His face twitched, as often happens to soldiers called before the ranks.",5.035
00482,wavs/00482.wav,"The doll is one of the most imperious needs and, at the same time, one of the most charming instincts of feminine childhood.",7.949
00483,wavs/00483.wav,"Nobody doubts her right to have precedence of mamma, but it would be more becoming in her not to be always insisting on it.",7.364
00484,wavs/00484.wav,Scenes of blood and cruelty are shocking to our ear and heart.,3.726
00485,wavs/00485.wav,It's destroyed we are from this day!,2.131
00486,wavs/00486.wav,I confronted Miss Murdstone alone.,2.356
00487,wavs/00487.wav,Deep voice that fellow Dlugacz has.,2.671
00488,wavs/00488.wav,"She clasped her hands easily above her head, and it was thus she fell asleep.",5.282
00489,wavs/00489.wav,The accompanying diagram will aid us in understanding this rather perplexing subject.,5.612
00490,wavs/00490.wav,He is generally supposed to have nothing to do.,2.924
00491,wavs/00491.wav,"Jo often watched him, trying to discover the charm, and at last decided that it was benevolence which worked the miracle.",7.686
00492,wavs/00492.wav,Most of the stone a nation hammers goes toward its tomb only.,4.048
00493,wavs/00493.wav,"With all the eagerness which such a transition gives, Emma resolved to be out of doors as soon as possible.",7.319
00494,wavs/00494.wav,I had had load enough upon my mind before the receipt of this strange letter.,4.826
00495,wavs/00495.wav,Here is the way we put in the time.,2.071
00496,wavs/00496.wav,She carried them without wrapping.,1.822
00497,wavs/00497.wav,There seemed to be two pairs of everything.,2.448
00498,wavs/00498.wav,These likelihoods confirm her flight from hence.,3.141
00499,wavs/00499.wav,What a divine day!,1.316
00500,wavs/00500.wav,The victory is complete and Russia will not forget you!,3.381
00501,wavs/00501.wav,I can hardly keep my hands warm even in my muff.,3.37
00502,wavs/00502.wav,You Frenchwoman and Frenchman of France!,2.692
00503,wavs/00503.wav,"Why, thou whoreson ass, thou mistak'st me.",3.62
00504,wavs/00504.wav,More than once the agitation into which these reflections threw me made my friends dread a dangerous relapse.,6.812
00505,wavs/00505.wav,Sir Thomas had given orders for it.,2.369
00506,wavs/00506.wav,It was now clear sunrise.,1.968
00507,wavs/00507.wav,"Fanny was by this time crying so bitterly that, angry as he was, he would not press that article farther.",7.257
00508,wavs/00508.wav,"Have you learnt how to shudder yet?' 'No,' said he, 'it is all in vain.",5.793
00509,wavs/00509.wav,Elizabeth's courage did not fail her.,2.511
00510,wavs/00510.wav,"He then donned his waistcoat, and taking up a piece of hard soap on the wash-stand centre table, dipped it into water and commenced lathering his face.",9.33
00511,wavs/00511.wav,"She was introduced here and there by her uncle, and forced to be spoken to, and to curtsey, and speak again.",7.481
00512,wavs/00512.wav,Here he concealed himself in a clump of bushes and waited.,3.732
00513,wavs/00513.wav,"But the pack-ponies labored when the current struck them, and whirling about, they held back the Indians who were leading them, and blocked those behind.",9.477
00514,wavs/00514.wav,Howard and the left by General Slocum.,2.671
00515,wavs/00515.wav,"Clare's white, marble-like face, and the first tears he had shed since Eva died stood in his eyes.",6.739
00516,wavs/00516.wav,Hare sank back against the stone.,2.03
00517,wavs/00517.wav,"Elton only looked very conscious and smiling, and rode off in great spirits.",5.322
00518,wavs/00518.wav,"He saw on his right an elevated piece of ground, from which a good view could be obtained of the fortifications upon which the Federals were working.",8.758
00519,wavs/00519.wav,Tige followed Isaac home the last time he escaped from the Wyandots.,4.327
00520,wavs/00520.wav,It can't be tourists' matches.,2.225
00521,wavs/00521.wav,"He kissed me and kissed the children, a good many times, and went out.",4.844
00522,wavs/00522.wav,Your secret weapon here is the mget command.,3.49
00523,wavs/00523.wav,"A onelegged sailor, swinging himself onward by lazy jerks of his crutches, growled some notes.",7.103
00524,wavs/00524.wav,And how far a body can hear on the water such nights!,3.381
00525,wavs/00525.wav,"Shelby, noticing a certain embarrassment in her husband's manner.",4.19
00526,wavs/00526.wav,Hare was nonplussed at the roar of laughter from the Mormons.,3.572
00527,wavs/00527.wav,Before the advance commenced I visited Butler at Fort Monroe.,4.182
00528,wavs/00528.wav,"She was dressed quite respectably, and a colored man followed her, bringing along a small trunk.",6.665
00529,wavs/00529.wav,"He sat down by the bedside, and a moment afterwards heard the door shut gently behind her.",5.929
00530,wavs/00530.wav,Already even then I had my underground world in my soul.,3.501
00531,wavs/00531.wav,He sought her lips again.,1.587
00532,wavs/00532.wav,"Now it was as if something turned over, and the point of view altered abruptly.",5.298
00533,wavs/00533.wav,Do you change colour?,1.338
00534,wavs/00534.wav,"There was no indispensable necessity for my communicating with Joe by letter, inasmuch as he sat beside me and we were alone.",8.462
00535,wavs/00535.wav,"Now you go along out there, and lay low till nine or half-past to-night, and then get them to fetch you home again-tell them you've thought of something.",8.901
00536,wavs/00536.wav,"Of course he would a throwed more style into it, but I can't do that very handy, not being brung up to it.",6.688
00537,wavs/00537.wav,"Cover, and let boil gently for five minutes.",3.268
00538,wavs/00538.wav,You have not the smallest chance of moving me.,2.72
00539,wavs/00539.wav,"Next morning, as before, he awoke to find himself alone.",4.415
00540,wavs/00540.wav,What sort of warrior should I make?,2.027
00541,wavs/00541.wav,A stooped bearded figure appears garbed in the long caftan of an elder in Zion and a smokingcap with magenta tassels.,8.097
00542,wavs/00542.wav,"What reason, it may be asked, is there for supposing in these cases that two individuals ever concur in reproduction?",8.168
00543,wavs/00543.wav,"Do you want to sink the ship, by knocking off at a time like this?",4.188
00544,wavs/00544.wav,Obvious analogy to my idea.,2.156
00545,wavs/00545.wav,"In her snowy-frilled cap she reminded one of that delightful Frenchwoman whom we have all seen marketing, basket on arm.",7.855
00546,wavs/00546.wav,"Darcy would never have hazarded such a proposal, if he had not been well assured of his cousin's corroboration.",7.578
00547,wavs/00547.wav,"One cup sugar, one cup sweet milk, two eggs, two teaspoonfuls baking powder, two tablespoonfuls melted butter, flour enough to roll and cut.",10.966
00548,wavs/00548.wav,"Ham echoed this sentiment, and we parted with them in the heartiest manner.",4.546
00549,wavs/00549.wav,Not far away from here lies a poor woman with a little newborn baby.,4.572
00550,wavs/00550.wav,"For the nearer everything is unto unpassionateness, the nearer it is unto power.",4.989
00551,wavs/00551.wav,"The waving of crooked, false-jewelled fingers gave grotesqueness to the words.",5.2
00552,wavs/00552.wav,But at the moment it presented itself simply as a confounded nuisance.,4.341
00553,wavs/00553.wav,His situation was indescribable.,2.356
00554,wavs/00554.wav,In coloring he was not unlike his companion.,2.968
00555,wavs/00555.wav,"It was some time before my blank astonishment would let me struggle up the bank to a drier position, or think at all of my imminent peril.",9.085
00556,wavs/00556.wav,"So we drowse, sun-dozed, Littered with blossoms trickling where the blackbird fusses.",6.328
00557,wavs/00557.wav,And rapidly opening the door he went resolutely out onto the balcony.,4.538
00558,wavs/00558.wav,"I was a strapping young gossoon at that time, I tell you.",4.076
00559,wavs/00559.wav,This being the field marshal's frame of mind he was naturally regarded as merely a hindrance and obstacle to the impending war.,8.142
00560,wavs/00560.wav,"Smith's troops were advancing, but cleared and with a more gentle slope on the west side.",5.664
00561,wavs/00561.wav,"Still less of the gods, as you say, he replied.",3.935
00562,wavs/00562.wav,I knew her father well.,1.515
00563,wavs/00563.wav,"Meg did think it over, found it good, and acted upon it, though the first attempt was not made exactly as she planned to have it.",8.804
00564,wavs/00564.wav,I am very fond of being looked at.,2.422
00565,wavs/00565.wav,"The Houyhnhnms indeed appear not to be so well prepared for war, a science to which they are perfect strangers, and especially against missive weapons.",11.894
00566,wavs/00566.wav,Ain't he growed!' said Ham.,2.72
00567,wavs/00567.wav,Why shouldn't we use a little art jargon.,2.666
00568,wavs/00568.wav,"Hence a gulf which is fatal on the part of the old, and involuntary on the part of the young.",5.775
00569,wavs/00569.wav,He was himself carried away by the tone of magnanimity he intended to adopt toward Moscow.,5.701
00570,wavs/00570.wav,"On that side the lane was open, and about two hundred paces further on, ran into a street of which it was the affluent.",8.03
00571,wavs/00571.wav,My parting love to uncle.,1.638
00572,wavs/00572.wav,"Stephen asked, beginning to smile.",2.635
00573,wavs/00573.wav,"She said she would wait, now, where she was, and die-it would not be long.",5.128
00574,wavs/00574.wav,"No, I was not a shoemaker by trade.",3.141
00575,wavs/00575.wav,"Whatever his crimes, he has suffered something to atone for them.",4.293
00576,wavs/00576.wav,Becky gave loose to tears and wailings.,2.658
00577,wavs/00577.wav,"I see ships foundering at sea, I behold on deck and below deck the terrible tableaus.",6.361
00578,wavs/00578.wav,"To Isaac it sounded like a long, rolling death-cry echoing throughout the encampment and murdering his sleep.",6.818
00579,wavs/00579.wav,"I saw that he was one of those who escaped with you, and I rather wondered at the time at you two being mixed up together in anything.",7.931
00580,wavs/00580.wav,The whole of you passes into it.,1.878
00581,wavs/00581.wav,"Lorry and Monsieur Defarge had made all ready for the journey, and had brought with them, besides travelling cloaks and wrappers, bread and meat, wine, and hot coffee.",11.651
00582,wavs/00582.wav,"For my own part, sudden questions kept on rising to my lips, and I dare say it was the same with the others.",7.411
00583,wavs/00583.wav,At first he completed the drama in three acts.,3.22
00584,wavs/00584.wav,Now you don't even stir my curiosity.,2.62
00585,wavs/00585.wav,Don't stare at people and don't fidget.,2.283
00586,wavs/00586.wav,I know you not.,1.115
00587,wavs/00587.wav,They conversed together with a peaceful and indifferent air.,3.036
00588,wavs/00588.wav,"Within a while the earth shall cover us all, and then she herself shall have her change.",5.863
00589,wavs/00589.wav,"He crossed the creek almost unobserved, and captured the picket of over forty men on guard near by.",6.816
00590,wavs/00590.wav,He often done that.,1.301
00591,wavs/00591.wav,Then she seized the chunk of fire and suddenly thrust it almost into the boy's face.,5.573
00592,wavs/00592.wav,The poetical spirit within him speedily revived with all the power and with more than all the beauty of his first attempts.,7.362
00593,wavs/00593.wav,"They expected to be able to shoot game on their way, and this would provide them food in addition to the concentrated supply they carried.",8.611
00594,wavs/00594.wav,"Potatoes and marge, marge and potatoes.",2.991
00595,wavs/00595.wav,The author's offers to serve the emperor in his wars.,3.607
00596,wavs/00596.wav,He lost his temper and said he was always being made to do everything he didn't want to do.,5.905
00597,wavs/00597.wav,"She treated her therefore, with all the indulgent fondness of a parent towards a favourite child on the last day of its holidays.",8.225
00598,wavs/00598.wav,Lynde recognized its unmistakable ring.,2.755
00599,wavs/00599.wav,"Is it really the French tongue, the great human tongue?",3.42
00600,wavs/00600.wav,Under a maple tree not one hundred and fifty yards distant stood four men in earnest consultation.,6.34
00601,wavs/00601.wav,"Dora glanced wistfully at the clock, and hinted that she thought it was too fast.",5.647
00602,wavs/00602.wav,"All poppycock, you'll scuse me saying.",2.834
00603,wavs/00603.wav,The negro jumped up as he approached.,2.383
00604,wavs/00604.wav,The people walked in little groups toward the beach.,2.893
00605,wavs/00605.wav,O Christ! to think of the green navies and the green-skulled crews!,4.795
00606,wavs/00606.wav,"Daylight was visible through his bones, but nothing through his eyes.",4.557
00607,wavs/00607.wav,France is in the same quality of race as Greece and Italy.,3.789
00608,wavs/00608.wav,Do not think about that.,1.405
00609,wavs/00609.wav,What was it that made his heart beat faster?,2.83
00610,wavs/00610.wav,They seemed never before to have weighed much against the abundance of her husband's kindness and a uniform devotion which had come to be tacit and self-understood.,9.884
00611,wavs/00611.wav,"But they were interested by my matches, and I struck some to amuse them.",4.706
00612,wavs/00612.wav,Anne went to bed that night speechless with misery because Matthew had said the wind was round northeast and he feared it would be a rainy day tomorrow.,9.156
00613,wavs/00613.wav,"Next, in the course of their review of the chamber, the searchers came to the cheval-glass, into whose depths they looked with an involuntary horror.",9.767
00614,wavs/00614.wav,At the top of the house there was a sort of terrace.,2.955
00615,wavs/00615.wav,"The countess pressed her daughter's hand, closed her eyes, and became quiet for a moment.",5.793
00616,wavs/00616.wav,"He is one of the most dangerous men in England-a ruined gambler, an absolutely desperate villain, a man without heart or conscience.",9.157
00617,wavs/00617.wav,"As he dismounted he heard the loungers speak of his horse, and he saw their leisurely manner quicken.",6.283
00618,wavs/00618.wav,"But I hope, Miss Woodhouse, that supposing-that if-strange as it may appear-.",5.18
00619,wavs/00619.wav,"Curiosity and wonder possessed all hearts, but respect restrained all tongues till the holy rite was over.",7.119
00620,wavs/00620.wav,William and Fanny were the most detached.,2.464
00621,wavs/00621.wav,"The coast grew faint, and at last indistinguishable amid the low banks of clouds that were gathering about the sinking sun.",7.509
00622,wavs/00622.wav,He could not see a man sink close to him for want of help.,3.725
00623,wavs/00623.wav,"The place of all places, the envied seat, the post of honour, was unappropriated.",6.104
00624,wavs/00624.wav,"It was, however, still so hot from its flight through the air as to forbid his near approach.",6.381
00625,wavs/00625.wav,They tell me you have been to some grand school in Philadelphia.,3.645
00626,wavs/00626.wav,The young officer was evidently exercising his duties for the first or second time and therefore treated both his superiors and the men with great precision and formality.,10.99
00627,wavs/00627.wav,"I pressed on, but in vain.",1.991
00628,wavs/00628.wav,Must have slid down.,1.348
00629,wavs/00629.wav,"To this, so far as he liked to go in it, Sterling was sure to be introduced and solicited.",6.702
00630,wavs/00630.wav,"With that Crow cut the thongs which bound Isaac's legs and placing him between two of the Indians, led the way into the forest.",8.064
00631,wavs/00631.wav,"Dorothy stood in the door with Toto in her arms, and looked at the sky too.",5.096
00632,wavs/00632.wav,"They were to be guardians, not holiday-makers.",3.47
00633,wavs/00633.wav,"Keeping up his uneven pace until his gun was ready, he turned quickly and shot the nearest Indian dead in his tracks.",7.703
00634,wavs/00634.wav,"After this feeble delusive thaw, the silence set in as severely as before.",5.168
00635,wavs/00635.wav,"Gradually his feet sank lower and lower, the water pressed tighter round him, his arms seemed to grow useless.",7.506
00636,wavs/00636.wav,"He wished, at any rate, to be near her, but he found that he could say nothing.",5.088
00637,wavs/00637.wav,"I don't say she wouldn't, anyhow, seeing as you are an officer, and the Yanks are after you.",6.295
00638,wavs/00638.wav,I would as soon have been run up to the yard-arm.,2.902
00639,wavs/00639.wav,"But these, of course, are afterthoughts.",3.299
00640,wavs/00640.wav,"At present, we may behold her and Emmeline in the room of the latter, busy in sorting and arranging two small bundles.",7.915
00641,wavs/00641.wav,"I thought, rather foolishly, that Weena might help me to interpret this, but I only learnt that the bare idea of writing had never entered her head.",9.441
00642,wavs/00642.wav,"One's own soul, and the passions of one's friends-those were the fascinating things in life.",5.674
00643,wavs/00643.wav,"They were consequently left on the railroad, where supplies could be brought to them.",5.31
00644,wavs/00644.wav,He put the letter under the candlestick and closed his eyes.,3.589
00645,wavs/00645.wav,"Anatole lay on the sofa in the study leaning on his elbow and smiling pensively, while his handsome lips muttered tenderly to himself.",8.425
00646,wavs/00646.wav,Dalloway things she had never told any one-things she had not realised herself until this moment.,6.698
00647,wavs/00647.wav,I have not the slightest fear of the result.,2.768
00648,wavs/00648.wav,"Sometimes, however, mail to such an address will bounce back to you, because Bitnet addresses do not always translate well into an Internet form.",10.09
00649,wavs/00649.wav,"That's just it, friend!",1.589
00650,wavs/00650.wav,"A short-handled sharp spade being sent up to him, he diligently searches for the proper place to begin breaking into the Tun.",8.055
00651,wavs/00651.wav,"They stand forth out of affairs, out of commerce, shops, work, farms, clothes, the house, buying, selling, eating, drinking, suffering, dying.",13.03
00652,wavs/00652.wav,"With the idol of gold safe in their possession, Professor Bumper's party could devote their time to making other explorations in the buried city.",8.938
00653,wavs/00653.wav,But our intimacy was much advanced by his taking me on his back to carry me home.,5.605
00654,wavs/00654.wav,"Anne had never seen her father and sister before in contact with nobility, and she must acknowledge herself disappointed.",7.844
00655,wavs/00655.wav,He said nothing at all.,1.638
00656,wavs/00656.wav,Mescal's flight had been forgotten in the sterner and sadder misfortune that had followed.,5.751
00657,wavs/00657.wav,"Through the barbacans the shafts of light are moving ever, slowly ever as my feet are sinking, creeping duskward over the dial floor.",8.814
00658,wavs/00658.wav,Still I will proudly declare that there is something queer about it.,3.743
00659,wavs/00659.wav,"Timothy Harrington, late thrice Lord Mayor of Dublin, imposing in mayoral scarlet, gold chain and white silk tie, confers with councillor Lorcan Sherlock, locum tenens.",13.332
00660,wavs/00660.wav,I know the military neatness which characterises you.,3.221
00661,wavs/00661.wav,"They have kept the enemy busy there, and occupied the attention of a very large force who might otherwise have been in the woods yonder with Pope.",8.661
00662,wavs/00662.wav,M'Coy's white face smiled about it at instants and grew grave.,4.319
00663,wavs/00663.wav,Mabeuf was descending on his side.,2.201
00664,wavs/00664.wav,"Love some good girl that will be what I was once to uncle, and be true to you, and worthy of you, and know no shame but me.",8.153
00665,wavs/00665.wav,His was one of the natures in which conscience gets the more active when the yoke of life ceases to gall them.,6.113
00666,wavs/00666.wav,"I'm not susceptible, of course, in the way Hewet is.",3.943
00667,wavs/00667.wav,"You are to take me there, and bring me back, if you will.",3.784
00668,wavs/00668.wav,"She had a decided mouth, a comical nose, and sharp, gray eyes, which appeared to see everything, and were by turns fierce, funny, or thoughtful.",11.192
00669,wavs/00669.wav,During that time she went nowhere and shampooed her hair every day.,3.966
00670,wavs/00670.wav,Perhaps he was a woman.,1.515
00671,wavs/00671.wav,It's the old woman's tricks to be giving cobbling jobs.,3.813
00672,wavs/00672.wav,Thomas was directed to have the little steamer that had been built at Chattanooga loaded to its capacity with rations and ammunition.,8.046
00673,wavs/00673.wav,"His conversation was always sprinkled with wittily original, finished phrases of general interest.",6.443
00674,wavs/00674.wav,I lay all night in the cave where I had lodged my provisions.,3.84
00675,wavs/00675.wav,In bearded abundant laughter Dollard shook upon the keyboard.,3.438
00676,wavs/00676.wav,Bursting with money and indigestion.,2.469
00677,wavs/00677.wav,Meade's army occupied over six hours of the first day in passing the grand stand which had been erected in front of the President's house.,8.417
00678,wavs/00678.wav,"Stephen, that is when the accosting figure came to close quarters, though he was not in an over sober state himself recognised Corley's breath redolent of rotten cornjuice.",11.64
00679,wavs/00679.wav,"Well, it will not be very long before you are of age and free from the restraints of tutelage.",6.143
00680,wavs/00680.wav,He took the glass from my hand.,1.976
00681,wavs/00681.wav,This remark summed up the situation and aroused Jean Valjean from his reverie.,5.118
00682,wavs/00682.wav,"He got his troops over, with the exception of the artillery, by fording the stream at a little after three o'clock.",7.27
00683,wavs/00683.wav,"Other eyes besides mine watched these manifestations of character-watched them closely, keenly, shrewdly.",7.501
00684,wavs/00684.wav,"They come and they go, and they don't come and they don't go, just as they like.",5.11
00685,wavs/00685.wav,"Rochester, reader, amidst these changes of place and fortune.",4.633
00686,wavs/00686.wav,"Theer's mighty countries, fur from heer.",2.917
00687,wavs/00687.wav,"Flushing was still sitting on the edge of the bed, looking up, with her lips parted, so that her strong white teeth showed in two rows.",8.981
00688,wavs/00688.wav,"I have seen I think five of them all within a hundred yards of each other, and some sets of fiddlers to boot.",7.098
00689,wavs/00689.wav,It's a sort of thing that runs in families.,2.669
00690,wavs/00690.wav,"He would be near Mescal, but only to have the truth forced cruelly home to him every sane moment- -that she was not for him.",7.67
00691,wavs/00691.wav,Prompt When the host system asks you to do something and waits for you to respond.,5.395
00692,wavs/00692.wav,Commencement was the next important happening.,2.697
00693,wavs/00693.wav,"Her family is separate from the rest, and no one knows me there.",4.137
00694,wavs/00694.wav,"Despair, also, has its ecstasy.",3.14
00695,wavs/00695.wav,Had I nothing about me I could offer in exchange for one of these rolls?,4.576
00696,wavs/00696.wav,And they are respectable people.,1.822
00697,wavs/00697.wav,Locks so grey did never grow but from out some ashes!,3.734
00698,wavs/00698.wav,Two and three in silver and one and seven in coppers.,3.628
00699,wavs/00699.wav,"The various shades of the sand are singularly rich and agreeable, embracing the different iron colors, brown, gray, yellowish, and reddish.",10.176
00700,wavs/00700.wav,"We will act all together as one army here, until it is seen what can be done with the enemy.",6.122
00701,wavs/00701.wav,This is the Devon County Chronicle of May fourteenth of this year.,4.253
00702,wavs/00702.wav,"What manner of men would you be to stand by Ulysses, if some god should bring him back here all of a sudden?",6.785
00703,wavs/00703.wav,What'll he do with it?,1.307
00704,wavs/00704.wav,We have just said that history passes through the sewer.,3.317
00705,wavs/00705.wav,But I never see a nigger that wouldn't lie.,2.515
00706,wavs/00706.wav,"This island was at a greater distance than I expected, and I did not reach it in less than five hours.",6.717
00707,wavs/00707.wav,"Edna tapped her foot impatiently, and wondered why the children persisted in playing in the sun when they might be under the trees.",7.905
00708,wavs/00708.wav,I'll tell you at once.,1.424
00709,wavs/00709.wav,Still David Sheehy beat him for south Meath.,2.988
00710,wavs/00710.wav,"I think, said Adeimantus, that in the spirit of contention which characterises him, he is not unlike our friend Glaucon.",8.531
00711,wavs/00711.wav,"Unnatural man, thou knowest that it is false.",3.421
00712,wavs/00712.wav,"His way was won without political influence up to an important separate command--the expedition against Fort Fisher, in January, one thousand, eight hundred and sixty-five.",11.721
00713,wavs/00713.wav,"His incomparable nerve carries him safely through many dangers, where an ordinary man would have no show whatever.",7.277
00714,wavs/00714.wav,Undoubtedly the very tedium and ennui which presume to have exhausted the variety and the joys of life are as old as Adam.,8.108
00715,wavs/00715.wav,"But, as that year wore on, Dora was not strong.",3.764
00716,wavs/00716.wav,Dowden believes there is some mystery in Hamlet but will say no more.,4.274
00717,wavs/00717.wav,"Fantine mingled in the group, and began to laugh with the rest at the harangue, which contained slang for the populace and jargon for respectable people.",9.499
00718,wavs/00718.wav,It is not very consoling to have one's own likeness.,3.741
00719,wavs/00719.wav,Al'ays keep close to yer mother.,2.222
00720,wavs/00720.wav,"It was, in fact, that unhappy child.",3.2
00721,wavs/00721.wav,"She did, indeed, start.",2.248
00722,wavs/00722.wav,"Fever nourishes the sick man, and love the lover.",3.23
00723,wavs/00723.wav,The body to be exhumed.,1.66
00724,wavs/00724.wav,But was it all irretrievable?,1.789
00725,wavs/00725.wav,From the bluff they looked back.,1.767
00726,wavs/00726.wav,"I was put in irons, brought to trial again, and sent for life.",4.873
00727,wavs/00727.wav,"I never knew her to be so happy, not even when she was a child.",4.555
00728,wavs/00728.wav,"She had said she did not want to sing, but it was long since she had sung, and long before she again sang, as she did that evening.",8.92
00729,wavs/00729.wav,I was troubled with dreadful nightmare.,2.51
00730,wavs/00730.wav,She did laugh as she saw Heathcliff pass the window.,3.438
00731,wavs/00731.wav,"Crawford once gone from Mansfield, that everything would soon be as if no such subject had existed.",6.726
00732,wavs/00732.wav,"I am not fond of nettles or thistles, or heath blossoms.",4.495
00733,wavs/00733.wav,Where is your merit?,1.404
00734,wavs/00734.wav,But this was not a matter that I thought of until afterwards.,3.542
00735,wavs/00735.wav,"With these words he picked up the sword that Agelaus had dropped when he was being killed, and which was lying upon the ground.",7.485
00736,wavs/00736.wav,These epochs are peculiar and mislead the politicians who desire to convert them to profit.,5.995
00737,wavs/00737.wav,"Still steadily rising, we passed over a narrow granite bridge and skirted a noisy stream which gushed swiftly down, foaming and roaring amid the grey boulders.",10.609
00738,wavs/00738.wav,Have you read what I placed there on the bench?,2.543
00739,wavs/00739.wav,At Charenton I watched them.,1.593
00740,wavs/00740.wav,I laughingly asked my child-wife what her fancy was in desiring to be so called.,5.554
00741,wavs/00741.wav,Curious that she should cry.,1.834
00742,wavs/00742.wav,That Emma was his object appeared indisputable.,3.233
00743,wavs/00743.wav,"Swindled them all, skivvies and badhachs from the county Meath, ay, and his own kidney too.",6.556
00744,wavs/00744.wav,"They made Ulysses sit down in the shelter as Nausicaa had told them, and brought him a shirt and cloak.",6.651
00745,wavs/00745.wav,The upper story had scuttles like prisons.,3.086
00746,wavs/00746.wav,I expected your movements to be co-operative with Sherman's last.,4.409
00747,wavs/00747.wav,I never could read His handwriting except His criminal thumbprint on the haddock.,4.578
00748,wavs/00748.wav,"I wrote to him most affectionately in reply to his, but I think I was glad, upon the whole, that he could not come to London just then.",9.368
00749,wavs/00749.wav,"One thing, however, rather quenched the vanities.",3.533
00750,wavs/00750.wav,Your governor is just gone.,1.933
00751,wavs/00751.wav,"Martin Cunningham said, raising his palm to his brow in salute.",4.377
00752,wavs/00752.wav,If you'll loose my legs I'll walk down to it.,2.945
00753,wavs/00753.wav,"He dismounted, and giving his horse to his servant, walked back with them to Barton, whither he was purposely coming to visit them.",8.528
00754,wavs/00754.wav,The Divorce Court was specially invented for people whose memories are so curiously constituted.,5.966
00755,wavs/00755.wav,"Or, having once a clue to hope, was there something opening to me that I had not dared to think of?",6.447
00756,wavs/00756.wav,Dead in the centre.,1.122
00757,wavs/00757.wav,The Deck Towards the End of the First Night Watch.,3.068
00758,wavs/00758.wav,"She answered it with a second laugh, and laughter well became her youth, her roses, her dimples, her bright eyes.",8.141
00759,wavs/00759.wav,I like that way of fixing her hair.,2.213
00760,wavs/00760.wav,"Where were we going, and what were we to do?",2.795
00761,wavs/00761.wav,"They discussed between themselves what should be done, and seeing that he was priest and that she had no children, they finally determined to bring it up.",8.98
00762,wavs/00762.wav,Finding themselves worse frightened than hurt the men did halt and turn back.,4.923
00763,wavs/00763.wav,"Witches have red eyes, and cannot see far, but they have a keen scent like the beasts, and are aware when human beings draw near.",8.696
00764,wavs/00764.wav,"You have been Sardanapalus, you have been Vincent de Paul-it makes no difference.",5.038
00765,wavs/00765.wav,"Longest established in Marion--Jennie Thomas, milliner.",4.41
00766,wavs/00766.wav,The ship groaned and gasped.,1.939
00767,wavs/00767.wav,Three weeks passed in this way.,1.961
00768,wavs/00768.wav,Girty saw you when you were at Fort Pitt two years ago.,3.236
00769,wavs/00769.wav,"Bartus be gone, commend me to his grace, And tell him ere it be long, Ile visite him.",6.446
00770,wavs/00770.wav,"There were many other men about him, many groups walking the same way, but there was no mistaking him.",7.057
00771,wavs/00771.wav,The mood that had sustained me passed.,2.354
00772,wavs/00772.wav,These keystrokes are how you get out of emacs.,3.228
00773,wavs/00773.wav,"Agendath is a waste land, a home of screechowls and the sandblind upupa.",5.073
00774,wavs/00774.wav,"I never take any notice of what common people say, and I never interfere with what charming people do.",6.925
00775,wavs/00775.wav,"From our left, near the old line, it was about three miles to the Weldon Railroad.",5.777
00776,wavs/00776.wav,She could not sing.,1.157
00777,wavs/00777.wav,A new heaven and a new landscape met my gaze.,3.374
00778,wavs/00778.wav,"The rich had been assured of his wealth and comfort, the toiler assured of his life and work.",5.765
00779,wavs/00779.wav,Nevertheless the simplicity of the view that each species was first produced within a single region captivates the mind.,7.431
00780,wavs/00780.wav,"There was no fighting on the thirteenth, further than a little skirmishing between Mott's division and the enemy.",6.57
00781,wavs/00781.wav,"And a prettier, a daintier head of winsome curls was never seen on a whore's shoulders.",5.361
00782,wavs/00782.wav,When she had completed her toilet she walked into the adjoining room.,3.973
00783,wavs/00783.wav,"Their own inclinations ascertained, there were no difficulties behind, no drawback of poverty or parent.",7.361
00784,wavs/00784.wav,But Marilla had gone out and shut the door.,2.696
00785,wavs/00785.wav,God does not will it.,1.486
00786,wavs/00786.wav,"All day, she seemed to pervade the whole house.",3.479
00787,wavs/00787.wav,"Willing therefore to delay the evil hour, she resolved to wait till her sister's health were more secure, before she appointed it.",8.585
00788,wavs/00788.wav,"He merely noticed that she had grown sad, and he grew gloomy.",4.45
00789,wavs/00789.wav,"Now and then we passed a moorland cottage, walled and roofed with stone, with no creeper to break its harsh outline.",7.965
00790,wavs/00790.wav,"Her face had a tragic and fierce aspect of wild sorrow and of dumb pain mingled with the fear of some struggling, half-shaped resolve.",8.754
00791,wavs/00791.wav,"He was a spy, and would be shot for it.",2.757
00792,wavs/00792.wav,"He was quite dead, and had been for some time, for his limbs were rigid and cold.",5.205
00793,wavs/00793.wav,At first it was downright dulness to Emma.,2.65
00794,wavs/00794.wav,"If the old fellow is a philanthropist, what is that to you?",3.825
00795,wavs/00795.wav,"Steak, kidney, liver, mashed, at meat fit for princes sat princes Bloom and Goulding.",6.715
00796,wavs/00796.wav,"Here they halted for the night, and the next day went on to Marion Courthouse, Vincent hiring a cart for the conveyance of Dinah and the other women.",9.165
00797,wavs/00797.wav,"Such was the state of Mansfield, and so it continued, with scarcely any change, till Easter.",6.844
00798,wavs/00798.wav,"A fair unsullied soul had called to him and, wretch that he was, how had he answered?",6.042
00799,wavs/00799.wav,"When the noise of the fighting reached the Florentine camp below, it was filled with confusion.",5.884
00800,wavs/00800.wav,"On another occasion, the centenarian was telling stories.",4.138
00801,wavs/00801.wav,"Let me handle this, for it is worse than I thought.",3.212
00802,wavs/00802.wav,"Time and rain assisting, a humble gastronomical announcement had become a profound piece of advice.",6.802
00803,wavs/00803.wav,"Yet blindfold, yet will I talk to thee.",2.845
00804,wavs/00804.wav,Other people besides Anne thought so when they stumbled on it.,3.63
00805,wavs/00805.wav,"To Julia-Say, from whom?",1.99
00806,wavs/00806.wav,Princess Mary read it.,1.547
00807,wavs/00807.wav,The walls Spin round!,1.586
00808,wavs/00808.wav,They must be hidden away somewhere.,2.102
00809,wavs/00809.wav,We want to keep the enemy constantly pressed to the end of the war.,3.728
00810,wavs/00810.wav,"Some people would have waited until their advertisements were answered, or until parties came forward and volunteered information.",7.926
00811,wavs/00811.wav,No men save Mormons could ever have made it habitable.,3.27
00812,wavs/00812.wav,What good had it ever done to him?,1.897
00813,wavs/00813.wav,He saw the shock of his words passing through Bulstrode's frame.,4.077
00814,wavs/00814.wav,"Elliot addressed the guide, who obligingly bowed his head.",3.902
00815,wavs/00815.wav,"Gavroche, though shot at, was teasing the fusillade.",3.802
00816,wavs/00816.wav,"Gob, he'd have a soft hand under a hen.",3.019
00817,wavs/00817.wav,Why was he in these woods? why was he there at such an hour? what had he come there for?,6.972
00818,wavs/00818.wav,Cadwallader's way of putting things.,2.41
00819,wavs/00819.wav,Nearer and nearer in disorderly crowds came the Uhlans and the French dragoons pursuing them.,5.765
00820,wavs/00820.wav,They were very simple.,1.353
00821,wavs/00821.wav,"The bull-like proceeding last mentioned, besides that it was unquestionably to be regarded in the light of a liberty, was particularly disagreeable just after bread and meat.",11.823
00822,wavs/00822.wav,In hers he saw a wild appeal for mercy.,2.87
00823,wavs/00823.wav,Another quarter of an hour brought her a great deal more.,3.398
00824,wavs/00824.wav,She would be sorry some day-maybe when it was too late.,3.375
00825,wavs/00825.wav,"Here is a friend of mine, Sam Fletcher, has got one to sell that would suit anybody.",5.911
00826,wavs/00826.wav,The metallic clang heard by Miss Stoner was obviously caused by her stepfather hastily closing the door of his safe upon its terrible occupant.,9.391
00827,wavs/00827.wav,"To the east side of Petersburg, from the Appomattox back, there were thirteen of these redans extending a distance of several miles, probably three.",10.01
00828,wavs/00828.wav,"A cap with a drooping leather visor partly concealed his face, burned and tanned by sun and wind, and dripping with perspiration.",8.544
00829,wavs/00829.wav,"As yet, however, the sperm whale, scientific or poetic, lives not complete in any literature.",7.462
00830,wavs/00830.wav,Silly Milly's birthday gift.,2.121
00831,wavs/00831.wav,"The description is both a picture and an orrery, and therefore is necessarily inconsistent with itself.",6.561
00832,wavs/00832.wav,"It did not seem at all comical to Meg, who kissed and caressed the afflicted heroine in the tenderest manner.",6.737
00833,wavs/00833.wav,Ambrose appear too humorous and cool in a matter of such moment.,4.081
00834,wavs/00834.wav,But it is very remarkable that she should always hear Jane better than she does me.,4.94
00835,wavs/00835.wav,Oh Cosette! how strange it is and how charming!,3.867
00836,wavs/00836.wav,Now why are you asking silly questions about the Fire Brigade?,4.157
00837,wavs/00837.wav,The Indians laid their weapons aside.,2.427
00838,wavs/00838.wav,I do so wish I could see that bit!,2.31
00839,wavs/00839.wav,"Understand that, understand it!",2.129
00840,wavs/00840.wav,"The crew had just finished loading the sodium, and the Nautilus could have left that instant.",5.774
00841,wavs/00841.wav,"Pound the ammonia fine, and pour on it half a teacup of boiling water.",4.815
00842,wavs/00842.wav,"He watched her pour into the measure and thence into the jug rich white milk, not hers.",5.648
00843,wavs/00843.wav,He would enjoy her liveliness and she has talents to value his powers.,4.704
00844,wavs/00844.wav,That his age was about sixty.,2.081
00845,wavs/00845.wav,"I brought the last here-and you gathered them, as a magpie gathers silver spoons, for the mere love of stealing!",7.432
00846,wavs/00846.wav,Shall I not then hate them who abhor me?,2.501
00847,wavs/00847.wav,"I revelled also in great herbals filled with the rarest marine plants, which, although dried up, retained their lovely colours.",9.087
00848,wavs/00848.wav,The captain made a gesture signifying that even if he did not understand it he begged Pierre to continue.,6.688
00849,wavs/00849.wav,That pleased the old man till he couldn't rest.,3.142
00850,wavs/00850.wav,Mortimer remained with him at cards until it was very late.,3.822
00851,wavs/00851.wav,"The cabman had described a somewhat shorter man, but such an impression might easily have been erroneous.",6.562
00852,wavs/00852.wav,A fierce pain tore his heart.,1.854
00853,wavs/00853.wav,"There, where that lamentable disaster had uttered its death-rattle, all was silence now.",6.14
00854,wavs/00854.wav,The crowd of Russians and Frenchmen began to disperse.,3.37
00855,wavs/00855.wav,"This effort of Lee's cost him about four thousand men, and resulted in their killing, wounding and capturing about two thousand of ours.",9.14
00856,wavs/00856.wav,Her head was bowed.,1.379
00857,wavs/00857.wav,"Therefore he has found a primary cause, that is, justice.",4.689
00858,wavs/00858.wav,"When the Empire was established, all these poor old dispersed and exiled women had been accorded permission to come and take shelter under the wings of the Bernardines-Benedictines.",11.592
00859,wavs/00859.wav,The nettles seemed to twist long arms furnished with claws in search of prey.,4.867
00860,wavs/00860.wav,Mabeuf was nearly eighty years of age.,2.653
00861,wavs/00861.wav,He was an orphan and very poor.,2.24
00862,wavs/00862.wav,"These banished men, that I have kept withal, Are men endued with worthy qualities.",6.16
00863,wavs/00863.wav,"For the present we had enough to do, in taking leave of all our friends.",4.55
00864,wavs/00864.wav,"He even pushed as far as Embrun, entered the cathedral one night, and despoiled the sacristy.",6.171
00865,wavs/00865.wav,"That worthy, however, was busily engaged in collecting round the.",4.656
00866,wavs/00866.wav,"You are neither denounced, nor tracked nor pursued.",3.438
00867,wavs/00867.wav,"The generators of the Heat-Rays waved high, and the hissing beams smote down this way and that.",6.339
00868,wavs/00868.wav,In the evening there was rowing on the river.,2.486
00869,wavs/00869.wav,"My room is a wretched, horrid one in the outskirts of the town.",4.058
00870,wavs/00870.wav,Might just walk into her here.,2.09
00871,wavs/00871.wav,"I see things differently, I think of them differently.",3.626
00872,wavs/00872.wav,"No men were seen except those bearing arms, even the black man having been sent away.",5.908
00873,wavs/00873.wav,"These he describes in a succession of parallels between the individuals and the States, tracing the origin of either in the State or individual which has preceded them.",10.416
00874,wavs/00874.wav,Pontellier found the Doctor reading at the open window of his study.,3.961
00875,wavs/00875.wav,"I saw now that I was in for it, and it must be done on the spot.",4.291
00876,wavs/00876.wav,"The very question that had formerly tormented him, the thing he had continually sought to find-the aim of life-no longer existed for him now.",9.235
00877,wavs/00877.wav,"It was evident that this man had entered with a key, and like himself.",4.659
00878,wavs/00878.wav,"The mother had nursed him, but she did not love him.",3.377
00879,wavs/00879.wav,Marius gradually won Cosette away from Jean Valjean.,3.676
00880,wavs/00880.wav,"Old Chatterton, the vicechancellor, is his granduncle or his greatgranduncle.",5.446
00881,wavs/00881.wav,"Janet has dressed her, and is there to look at me.",3.17
00882,wavs/00882.wav,"This book is a drama, whose leading personage is the Infinite.",4.01
00883,wavs/00883.wav,Robert scanned the distance for any such apparition.,3.276
00884,wavs/00884.wav,"Now she safe wid you and de child, Tony no care berry much what come to him--de sooner he dead de better.",7.268
00885,wavs/00885.wav,I think you will be safe enough even if they do come.,3.327
00886,wavs/00886.wav,"Cadwallader to the phaeton, and then jumped on his horse.",3.904
00887,wavs/00887.wav,"They raced wildly after me until, finally, my foot struck a projecting piece of quartz, and down I went sprawling upon the moss.",9.427
00888,wavs/00888.wav,"Let me stand aside, to see the phantoms of those days go by me, accompanying the shadow of myself, in dim procession.",8.671
00889,wavs/00889.wav,"Starbuck, are you sure everything is right?",2.693
00890,wavs/00890.wav,"Well, do you see the low hill beyond with the thornbush upon it?",4.255
00891,wavs/00891.wav,All we got to do is to look mighty sharp and keep out of it.,3.579
00892,wavs/00892.wav,"Then his heart burst, and he began to cry.",3.218
00893,wavs/00893.wav,That's the first sign when the hairs come out grey.,3.081
00894,wavs/00894.wav,I even tried a Carlyle-like scorn of this wretched aristocracy in decay.,5.151
00895,wavs/00895.wav,"Isaac knew the habits of the black squirrel, that it was a denizen of the wildest woods and frequented only places remote from civilization.",9.109
00896,wavs/00896.wav,His life is forfeit to the people.,2.265
00897,wavs/00897.wav,That would be the greatest misfortune of all!,2.863
00898,wavs/00898.wav,"It came, and she had yet heard nothing of her return-nothing even of the going to London, which was to precede her return.",7.709
00899,wavs/00899.wav,"The latter in Pierre's presence had ceased to be caustic, and his face expressed perplexity as to what Julie's smile might mean.",8.294
00900,wavs/00900.wav,"An old gentleman wearing a star and another official, a German wearing a cross round his neck, approached the speaker.",7.594
00901,wavs/00901.wav,The manager having brought the drama to a close and stripped the actor shows him to us.,5.228
00902,wavs/00902.wav,This is all changed now.,1.75
00903,wavs/00903.wav,"A shiver of the trees, signal, the evening wind.",3.787
00904,wavs/00904.wav,I'm sick of it.,0.8
00905,wavs/00905.wav,"Inspector Bradstreet, B division, gave evidence as to the arrest of Horner, who struggled frantically, and protested his innocence in the strongest terms.",10.987
00906,wavs/00906.wav,A puritan may go to his brown-bread crust with as gross an appetite as ever an alderman to his turtle.,6.579
00907,wavs/00907.wav,"He was not followed, however, by the enemy, and was thereby enabled to reorganize his command as soon as covered from the guns of the enemy.",9.784
00908,wavs/00908.wav,More room if they buried them standing.,2.273
00909,wavs/00909.wav,"She made no complaint, but she was weary, and Jean Valjean perceived it by the way she dragged more and more on his hand as she walked.",8.985
00910,wavs/00910.wav,But I forgot I could not reach far without anything to stand on!,4.263
00911,wavs/00911.wav,It moved very softly.,1.712
00912,wavs/00912.wav,"Then lifting the saddle he carried it out of the yard, through the gate and across the lane to the corrals.",6.341
00913,wavs/00913.wav,"Let Gumley mind the stones, see they don't run away.",3.81
00914,wavs/00914.wav,We have no pity for these ferocious creatures.,2.975
00915,wavs/00915.wav,I think you'll find that's right.,1.824
00916,wavs/00916.wav,"The wigged gentleman sitting opposite, still looking at the ceiling of the court.",4.891
00917,wavs/00917.wav,Allan was a kindred spirit.,1.739
00918,wavs/00918.wav,"This was a distinction familiar to Aristotle, though likely to be laughed at among ourselves.",6.197
00919,wavs/00919.wav,"Pierre turned back, not to his companions by the campfire, but to an unharnessed cart where there was nobody.",7.236
00920,wavs/00920.wav,"In some previous place I have described to you how the blubber wraps the body of the whale, as the rind wraps an orange.",7.88
00921,wavs/00921.wav,They lived in their tepee with their Indian squaws and lolled on their blankets while the squaws cooked their venison and did all the work.,7.911
00922,wavs/00922.wav,Smith had been assigned to duty as Chief Engineer of the Military Division.,4.572
00923,wavs/00923.wav,"It was already dark, and Pierre could not make out whether the expression of Prince Andrew's face was angry or tender.",7.606
00924,wavs/00924.wav,"Hancock followed Hill's retreating forces, in the morning, a mile or more.",5.331
00925,wavs/00925.wav,"And yet, these two had not one acre of ground,-not a roof that they could call their own,-they had spent their all, to the last dollar.",9.154
00926,wavs/00926.wav,She was seized with a vague dread.,2.07
00927,wavs/00927.wav,"He had no ear for music himself, and never went to church, as being of the medical profession, and likely to be in requisition for delicate cows.",9.836
00928,wavs/00928.wav,"In gay Paree he hides, Egan of Paris, unsought by any save by me.",5.346
00929,wavs/00929.wav,How very differently we feel!-Not think they will do each other any good!,5.3
00930,wavs/00930.wav,A rosy cloud hangs over it.,2.005
00931,wavs/00931.wav,But I must at least claim to know the worst that he has told you.,4.079
00932,wavs/00932.wav,It will especially be startled at the combination of an undoubting persuasion of the truth of the popular religion with a cool and determined perseverance in enormous guilt.,10.661
00933,wavs/00933.wav,"Linton had given her leave, if we went only a short distance and were back within the hour.",6.092
00934,wavs/00934.wav,We must not allow her to accept the part.,2.886
00935,wavs/00935.wav,"She could not be too soon alarmed, nor send for Perry too often.",4.484
00936,wavs/00936.wav,Are you not happy in your?,1.641
00937,wavs/00937.wav,"The fat man cast his eyes round, and then up at the open skylight.",4.903
00938,wavs/00938.wav,This pained him and he was at a loss to understand it.,3.336
00939,wavs/00939.wav,"When I yielded, I thought it was to duty, but no duty could be called in aid here.",5.307
00940,wavs/00940.wav,My will is something sorted with his wish.,2.502
00941,wavs/00941.wav,Seventy beds keeps he there teeming mothers are wont that they lie for to thole and bring forth bairns hale so God's angel to Mary quoth.,8.916
00942,wavs/00942.wav,"Collins is perfectly natural, and perfectly alive.",3.654
00943,wavs/00943.wav,"Why the jailer does not leave open his prison doors,-why the judge does not dismis his case,-why the preacher does not dismiss his congregation!",10.152
00944,wavs/00944.wav,It seemed that he had quite forgotten Pierre.,2.765
00945,wavs/00945.wav,"Whether or no, I won't be prayed agin, I tell you.",3.841
00946,wavs/00946.wav,"Or, if they flop, their floppings goes in favour of more patients, and how can you rightly have one without t'other?",8.068
00947,wavs/00947.wav,"Jean Valjean had, henceforth, but one thought,-to remain there.",4.872
00948,wavs/00948.wav,The train service was now very much disorganised.,3.545
00949,wavs/00949.wav,His specialty was not to succeed in anything.,3.045
00950,wavs/00950.wav,She must laugh at such a close!,2.178
00951,wavs/00951.wav,I never knew days fly so fast.,2.52
00952,wavs/00952.wav,Would it not be worse than simple?,1.9
00953,wavs/00953.wav,"So it had been at the birth of the world, and so it had remained ever since.",4.821
00954,wavs/00954.wav,"The deed was not then accomplished, neither did he confide in me.",4.224
00955,wavs/00955.wav,"In one corner they found a closet that promised mystery, but the promise was a fraud-there was nothing in it.",6.797
00956,wavs/00956.wav,"Part with the child, unless it should be necessary to produce it to clear you, and then it shall be produced.",6.671
00957,wavs/00957.wav,How dare one say it?,1.44
00958,wavs/00958.wav,"Don't fancy that you will be any inconvenience to me, for I shan't put myself at all out of my way for you.",7.201
00959,wavs/00959.wav,"Dover says he will take a good deal of the plate back again, and any of the jewellery we like.",6.079
00960,wavs/00960.wav,Rushworth's fine fortune gives them a right to be.,3.236
00961,wavs/00961.wav,"This affair coming to the knowledge of Uguccione, who was then at Pisa, it appeared to him a proper opportunity to punish Castruccio.",9.36
00962,wavs/00962.wav,He turned the corner into the main thoroughfare.,2.793
00963,wavs/00963.wav,"This made him appear a battered martyr, parting every day with some of the finest gold, in the service of mankind.",7.716
00964,wavs/00964.wav,Does that mean a respectable well-conducted man of fifty?,3.571
00965,wavs/00965.wav,I have no doubt that I am myself to blame.,2.652
00966,wavs/00966.wav,"Thornbury went slowly upstairs and walked quietly along the passages, touching the wall with her fingers as if to guide herself.",8.593
00967,wavs/00967.wav,Envy and impotent desires are their prevailing passions.,3.608
00968,wavs/00968.wav,"Worthing were dining with me, eight bottles of champagne are entered as having been consumed.",5.621
00969,wavs/00969.wav,"But Medon and the bard Phemius had now woke up, and came to them from the house of Ulysses.",6.07
00970,wavs/00970.wav,"Grate the rind of one smooth, juicy lemon, and squeeze out the juice, straining it on the rind.",6.737
00971,wavs/00971.wav,Simonov made haste to fill up the glasses with champagne.,3.738
00972,wavs/00972.wav,In the winter Snow-white lit the fire and hung the kettle on the hob.,4.093
00973,wavs/00973.wav,"But a justification so full of torture to herself, she trusted, would not be in his power.",6.46
00974,wavs/00974.wav,"In the meanwhile, occupied as he was with this study which absorbed all his moments as well as his thoughts, he hardly saw the Gillenormands at all.",9.246
00975,wavs/00975.wav,The Nemesis of the delicate ones was creeping on apace.,3.658
00976,wavs/00976.wav,"All three looked at each other, and all three smiled-a dreary, pensive smile enough.",5.927
00977,wavs/00977.wav,"And when people mean to be good to you, you don't mind very much when they're not quite--always.",6.379
00978,wavs/00978.wav,"In every argument with her mother, Susan had in point of reason the advantage, and never was there any maternal tenderness to buy her off.",8.879
00979,wavs/00979.wav,"She dropped on the grass, and remained crouching there.",3.655
00980,wavs/00980.wav,A continuous noise of the rapids above hovered over this scene of inhabited devastation.,5.384
00981,wavs/00981.wav,"Miss Stacy's photograph occupied the place of honor, and Anne made a sentimental point of keeping fresh flowers on the bracket under it.",8.607
00982,wavs/00982.wav,What does she say?,1.192
00983,wavs/00983.wav,The species of fishes here did not differ much from those already noticed.,4.666
00984,wavs/00984.wav,I could not help smiling at the document when I had completed it.,4.04
00985,wavs/00985.wav,"Unheeded he kept by them as they came towards the drier sand, a rag of wolf's tongue redpanting from his jaws.",7.597
00986,wavs/00986.wav,Brooke himself observed that his ideas stood rather in his way when he was speaking.,4.856
00987,wavs/00987.wav,"Don't you think, Watson, that you are away from your charge rather long?",4.89
00988,wavs/00988.wav,It was in vain to take refuge in gruffness of speech.,3.757
00989,wavs/00989.wav,"The night was fine, and the stars were twinkling brightly overhead.",4.593
00990,wavs/00990.wav,"In the course of time a son came to the young couple, and the father was very proud of his boy.",5.744
00991,wavs/00991.wav,"Hackbutt went to her, with more tightness of lip and rubbing of her hands than was usually observable in her, these being precautions adopted against freedom of speech.",10.298
00992,wavs/00992.wav,No time to tend to you now.,1.968
00993,wavs/00993.wav,"His eyes followed the high figure in homespun, beard and bicycle, a listening woman at his side.",6.529
00994,wavs/00994.wav,"By these means, as I believe, the southern shores of America, Australia, New Zealand have become slightly tinted by the same peculiar forms of vegetable life.",11.057
00995,wavs/00995.wav,"I prefer it to the stall to which I have a right, in my capacity of warden.",4.859
00996,wavs/00996.wav,Darcy took up a book.,1.652
00997,wavs/00997.wav,His doing so drew her notice.,1.968
00998,wavs/00998.wav,A year later his father died.,2.001
00999,wavs/00999.wav,Sheridan was now again with the Army of the Potomac.,3.198
01000,wavs/01000.wav,You know my vagabond and restless habits.,2.89
01001,wavs/01001.wav,"I'm really getting quite fond of the big room, all but that horrid paper.",4.662
01002,wavs/01002.wav,It seems to be the one thing that can make modern life mysterious or marvellous to us.,5.772
01003,wavs/01003.wav,Thereupon Javert returned to Paris.,2.566
01004,wavs/01004.wav,"What then must I do, that I may have within myself an overflowing fountain, and not a well?",6.72
01005,wavs/01005.wav,Let us go to London.,1.351
01006,wavs/01006.wav,Round the dimly lighted room were benches upon which were seated some of the dancers.,5.041
01007,wavs/01007.wav,Bell naturally sprung from this introduction to his brothers.,4.001
01008,wavs/01008.wav,In vain I have tried to be a member of one of the war parties.,4.013
01009,wavs/01009.wav,"Lay it in a large boiler, and pour over it enough cold water to cover it.",4.876
01010,wavs/01010.wav,"She looked round to see how the Professor liked it, and found him looking at her with the grimmest expression she had ever seen him wear.",7.46
01011,wavs/01011.wav,He knew that this was like the sudden impulse of a madman-incongruous even with his habitual foibles.,6.506
01012,wavs/01012.wav,Is it all over now?,1.358
01013,wavs/01013.wav,Men and women at such moments lose the freedom of their will.,3.695
01014,wavs/01014.wav,We must have them for the spring campaign.,2.65
01015,wavs/01015.wav,"I will put bread, wine, and water on board to save you from starving.",5.047
01016,wavs/01016.wav,"Tom was suffering in reality, now, so handsomely was his imagination working, and so his groans had gathered quite a genuine tone.",9.831
01017,wavs/01017.wav,Night of the dance dressing.,1.689
01018,wavs/01018.wav,He was not there.,1.229
01019,wavs/01019.wav,"She would walk straight down into a well, or up to a loaded cannon's mouth, if she were only quite sure that there the path lay.",7.95
01020,wavs/01020.wav,Let us make that bargain.,1.642
01021,wavs/01021.wav,"Stephen went down Bedford row, the handle of the ash clacking against his shoulderblade.",5.615
01022,wavs/01022.wav,"Laigle de Meaux, as the reader knows, lived more with Joly than elsewhere.",5.24
01023,wavs/01023.wav,"Warren was on the extreme left when the extension began, but Humphreys was marched around later and thrown into line between him and Five Forks.",9.322
01024,wavs/01024.wav,We have ever been far from wishing to obtrude ourselves on anyone.,4.055
01025,wavs/01025.wav,She now resolved to keep Harriet no longer in the dark.,3.762
01026,wavs/01026.wav,"There were shady trees, and heather, and, as far as the eye could see, a rich landscape.",6.326
01027,wavs/01027.wav,I must know at any cost.,1.943
01028,wavs/01028.wav,"To avoid her aunt, and look for him, she went out.",3.509
01029,wavs/01029.wav,"How did thy course begin?' I said, 'and why?",4.358
01030,wavs/01030.wav,"These movements of the enemy gave me the idea that Lee was about to make the attempt to get to, or towards, Fredericksburg to cut off my supplies.",9.405
01031,wavs/01031.wav,"It was appointed that the book should shut with a spring, for ever and for ever, when I had read but a page.",6.624
01032,wavs/01032.wav,"Godfrey rode along slowly, representing to himself the scene of confession to his father from which he felt that there was now no longer any escape.",9.989
01033,wavs/01033.wav,Will you give me something to eat and a bed?,2.901
01034,wavs/01034.wav,"Being is the sphere or subject-matter of knowledge, and knowledge is to know the nature of being?",5.779
01035,wavs/01035.wav,I have dwelt many months in the heaths of England and among the deserts of Scotland.,4.945
01036,wavs/01036.wav,Mina Purefoy swollen belly on a bed groaning to have a child tugged out of her.,5.117
01037,wavs/01037.wav,The enormous study was full of things evidently in constant use.,4.067
01038,wavs/01038.wav,"He descended, and bidding the servants wait in the passage, went, followed by me, to the kitchen.",6.397
01039,wavs/01039.wav,"Day splendid, view wonderful.",2.469
01040,wavs/01040.wav,I took a step forward.,1.517
01041,wavs/01041.wav,Course they were on the wrong side.,1.931
01042,wavs/01042.wav,Could she ever be happy?,1.475
01043,wavs/01043.wav,"Hare missed, and the deer bounded away into the forest.",3.472
01044,wavs/01044.wav,"The table, chairs, and benches were thrown down, the washing-bowl lay broken to pieces, and the quilts and pillows were pulled off the bed.",9.526
01045,wavs/01045.wav,With an incessant hum of voices the crowd advanced to the table.,3.995
01046,wavs/01046.wav,"Each thing bears its true form, or at least, its definitive form.",4.692
01047,wavs/01047.wav,"The thing was still loathsome-more loathsome, if possible, than before-and the scarlet dew that spotted the hand seemed brighter, and more like blood newly spilled.",10.515
01048,wavs/01048.wav,"With a white, set face she obeyed.",2.491
01049,wavs/01049.wav,"Three times a day she studied a little book, which I found, on inspection, was a Common Prayer Book.",7.27
01050,wavs/01050.wav,I thank you for your own.,1.557
01051,wavs/01051.wav,On the eleventh the city was evacuated.,2.792
01052,wavs/01052.wav,"Yet this emaciation seemed to be his natural habit, and due to no disease, for his eye was bright, his step brisk, and his bearing assured.",9.749
01053,wavs/01053.wav,Too full for words.,1.43
01054,wavs/01054.wav,"Thinking to purge the city, the population is blanched like plants raised in cellars.",5.66
01055,wavs/01055.wav,His pockets were as full of it as his head.,2.679
01056,wavs/01056.wav,Had he not established schools and hospitals and liberated his serfs?,4.725
01057,wavs/01057.wav,"Such hideous things were for the darkness, not for the day.",4.07
01058,wavs/01058.wav,But he was silent and presently retired to his cabin.,3.386
01059,wavs/01059.wav,"Is what you hear at church, religion?",2.742
01060,wavs/01060.wav,"It was there that the lion has been placed, the involuntary symbol of the supreme heroism of the Imperial Guard.",7.108
01061,wavs/01061.wav,"We have seen, of the flowers, and the swallows, the setting sun and the rising moon, and all sorts of important things.",8.475
01062,wavs/01062.wav,"The old man sat up erect, pallid, and like a corpse which rises under the influence of a galvanic shock.",7.714
01063,wavs/01063.wav,Hare was nervously alive to the handsome presence of the outlaw.,4.072
01064,wavs/01064.wav,"The evening passed without a pause of misery, the night was totally sleepless.",5.139
01065,wavs/01065.wav,"It seems that a young lady has arrived in a considerable state of excitement, who insists upon seeing me.",6.817
01066,wavs/01066.wav,Diana got awfully sick and had to go home.,3.065
01067,wavs/01067.wav,"Why should there be one law for men, and another for women?",3.97
01068,wavs/01068.wav,I am not satisfied about Maddison.,2.58
01069,wavs/01069.wav,"Moreover, it was well for Jean Valjean that he kept close and did not stir out.",5.617
01070,wavs/01070.wav,"I ought to know such things, I ought to feel about them!",3.767
01071,wavs/01071.wav,Yet it was by these that I was punished.,2.533
01072,wavs/01072.wav,But you got to be mighty careful.,2.068
01073,wavs/01073.wav,Why this book of whales is not denominated the Quarto is very plain.,4.526
01074,wavs/01074.wav,The ringing of the bell had caused the adjoining bed-chamber to be lighted.,4.241
01075,wavs/01075.wav,So the six little boys went on as bidden until they came to a place near the grave.,5.122
01076,wavs/01076.wav,Bear presented himself at Rabbit's door.,2.678
01077,wavs/01077.wav,My brain it shall be your occult convolutions!,3.029
01078,wavs/01078.wav,"He married Bianca Maria Visconti, a natural daughter of Filippo Visconti, the Duke of Milan, on whose death he procured his own elevation to the duchy.",10.959
01079,wavs/01079.wav,His visit was duly paid.,1.896
01080,wavs/01080.wav,"Every day, through the stony streets, the tumbrils now jolted heavily, filled with Condemned.",6.678
01081,wavs/01081.wav,I worship the eldest Miss Larkins.,2.48
01082,wavs/01082.wav,"A heavy-laden, high-aspiring and surely much-suffering man.",4.165
01083,wavs/01083.wav,Leblanc to turn round almost at the same moment as Marius.,3.988
01084,wavs/01084.wav,"If certain characters are always found correlated with others, though no apparent bond of connexion can be discovered between them, especial value is set on them.",11.062
01085,wavs/01085.wav,"She ran away from her friends when she was a young lass-a proud-spirited lass, and pretty, by Jove!",6.833
01086,wavs/01086.wav,Nice name he has.,1.608
01087,wavs/01087.wav,A nice new dress would be the very thing for a present.,3.38
01088,wavs/01088.wav,Take that card and come right to the kitchen.,2.485
01089,wavs/01089.wav,"The trees have, rooted in the ground! the weeds of the sea have! the animals!",6.788
01090,wavs/01090.wav,"It was clear what the end would be, since Mary openly placed Farebrother above everybody, and these women were all evidently encouraging the affair.",9.594
01091,wavs/01091.wav,What seem to us bitter trials are often blessings in disguise.,4.163
01092,wavs/01092.wav,"Have you considered how you'll bear the separation, and how he'll bear to be quite deserted in the world?",6.302
01093,wavs/01093.wav,I have come here safe.,1.342
01094,wavs/01094.wav,"The tide ran strong, I took care to lose none of it, and our steady stroke carried us on thoroughly well.",7.028
01095,wavs/01095.wav,He was on the ground floor and there were no guards.,3.18
01096,wavs/01096.wav,"These crawling things had fascinated my attention, and I was watching them from a distance, when Miss Havisham laid a hand upon my shoulder.",9.358
01097,wavs/01097.wav,It needs no fence.,1.424
01098,wavs/01098.wav,It didn't trouble them.,1.429
01099,wavs/01099.wav,What! bury it again and leave them to come and see the ground disturbed?,4.79
01100,wavs/01100.wav,To go back now 'ud be as bad as to stand ground-worse.,4.049
01101,wavs/01101.wav,It costs more than it comes to.,2.067
01102,wavs/01102.wav,A full hour passed in the most profound silence.,3.152
01103,wavs/01103.wav,"She spoke reflectively, looking out into the dark garden, and thinking evidently as much of the look of the night as of what she was saying.",8.588
01104,wavs/01104.wav,"Such things Julius not only followed, but improved upon, and he intended to gain Bologna, to ruin the Venetians, and to drive the French out of Italy.",10.416
01105,wavs/01105.wav,"The kitchen-garden was to be next admired, and he led the way to it across a small portion of the park.",6.565
01106,wavs/01106.wav,This is what Brujon had written the night before.,3.275
01107,wavs/01107.wav,He laid Dene in grave thirty-one.,2.289
01108,wavs/01108.wav,Sometimes brighter visions rise before me.,3.132
01109,wavs/01109.wav,"They never sang a poor song, Golden Bells, that they might wear a fine coat.",5.717
01110,wavs/01110.wav,And there's reason i' that.,1.559
01111,wavs/01111.wav,"The strange gentleman beckoned him out of his place, and Joe went.",4.214
01112,wavs/01112.wav,"Menelaus and Ulysses were the leaders, but I was in command also, for the other two would have it so.",6.612
01113,wavs/01113.wav,"Here's a note, sir.",1.723
01114,wavs/01114.wav,"Ay, this comes of the peace.",2.267
01115,wavs/01115.wav,But just now she could not see Lydgate without sending for him or going to seek him.,5.224
01116,wavs/01116.wav,"He sat down again, and felt that he was recovering his old self in the consciousness that he was with one who believed in it.",7.54
01117,wavs/01117.wav,But of course I went while I was at the asylum.,2.744
01118,wavs/01118.wav,Let him be taken care of.,1.754
01119,wavs/01119.wav,"Steerforth's confidence, felt older than I had done since I left Canterbury.",5.136
01120,wavs/01120.wav,"He returned no reply, but it was evident that he heard what was said, and that he thought about it, however confusedly.",8.052
01121,wavs/01121.wav,"You are part of my existence, part of myself.",3.453
01122,wavs/01122.wav,"However sincere these views may have been, they were undoubtedly called forth by the irrational state of her niece's mind.",7.76
01123,wavs/01123.wav,At intervals he would stop and listen.,2.19
01124,wavs/01124.wav,"Ere many minutes had elapsed, I was again on my feet, however, and again searching something-a resource, or at least an informant.",8.799
01125,wavs/01125.wav,"Now that unto every one is most profitable, which is according to his own constitution and nature.",6.139
01126,wavs/01126.wav,Laurence to be very kind to my poor boy.,2.551
01127,wavs/01127.wav,"When I close my eyes, I hear them, and each of them says something different.",5.299
01128,wavs/01128.wav,"Dashwood, urged equally by her own and her daughter's wishes, began to talk of removing to Barton.",6.723
01129,wavs/01129.wav,But the difficulties occur in a new principality.,3.067
01130,wavs/01130.wav,"His friendship with Dene had become offensive to the Mormons, who had formerly been on good footing with him.",6.517
01131,wavs/01131.wav,"But he had no arms at all, and, seeing this, the Scarecrow did not fear that so helpless a creature could prevent them from climbing the hill.",9.272
01132,wavs/01132.wav,"Dio of Syracuse, a disciple of Plato, and afterwards tyrant of Syracuse.",6.116
01133,wavs/01133.wav,"In time, after many squeezes, Tom managed to sign his initials, using the ball of his little finger for a pen.",8.49
01134,wavs/01134.wav,Why do you apologise?,1.777
01135,wavs/01135.wav,"Poor Dignam, you know.",1.638
01136,wavs/01136.wav,"I was slow to gain strength, but I did slowly and surely become less weak, and Joe stayed with me, and I fancied I was little Pip again.",10.013
01137,wavs/01137.wav,"The despatch box, an immense oblong coffer, was placed behind the vehicle and formed a part of it.",6.803
01138,wavs/01138.wav,"For a minute perhaps I stared aghast at this blackness that was creeping over the day, and then I realised that an eclipse was beginning.",8.88
01139,wavs/01139.wav,"My love has placed her little hand With noble faith in mine, And vowed that wedlock's sacred band Our nature shall entwine.",8.45
01140,wavs/01140.wav,"A man, in leather apron and very dirty hands, appeared at the door.",5.23
01141,wavs/01141.wav,"She is an excellent housemaid, and works very well at her needle.",4.169
01142,wavs/01142.wav,"Amusement and chagrin seemed to be struggling for the mastery, until the former suddenly carried the day, and he burst into a hearty laugh.",8.753
01143,wavs/01143.wav,As a matter of course I did the same.,2.274
01144,wavs/01144.wav,"I'm barricaded up, Simon, with two men prowling around the house trying to effect an entrance.",7.028
01145,wavs/01145.wav,"Howard's command embraced the fifteenth and seventeenth corps, and Slocum's the fourteenth and twentieth corps, commanded by Generals Jeff.",8.953
01146,wavs/01146.wav,"Here was an unexpectedly good chance to get this unwelcome orphan off her hands, and she did not even feel grateful for it.",8.257
01147,wavs/01147.wav,Jerry has been my bodyguard on Sunday nights for a long time past and I am used to him.,5.334
01148,wavs/01148.wav,"Louis, where he was staying at the time, to see him, hardly expecting to find him alive on my arrival.",7.136
01149,wavs/01149.wav,"In jail and out of jail, in jail and out of jail, in jail and out of jail.",5.489
01150,wavs/01150.wav,"His letters were such a comfort, for the home letters were very irregular and not half so satisfactory as his when they did come.",8.074
01151,wavs/01151.wav,"On Friday last, we were startled by a violent shock in our basement, followed by cries of distress.",7.027
01152,wavs/01152.wav,"Casaubon should go fishing, as Cadwallader did, and have a turning-room, make toys, table-legs, and that kind of thing.",9.48
01153,wavs/01153.wav,What if I shouldn't behave properly?,2.247
01154,wavs/01154.wav,That is why I have come hither to tell you everything this morning.,3.769
01155,wavs/01155.wav,She won't go to the marriage.,1.99
01156,wavs/01156.wav,"Oh, Anne, what does it feel like to see your name at the head of a pass list like that?",5.408
01157,wavs/01157.wav,At the expiration of a quarter of an hour it seemed as though that species of stormy roar were becoming more distant.,6.921
01158,wavs/01158.wav,"He did not rise to meet his visitor, but held out a cold hand and bade him welcome in a changed voice.",6.55
01159,wavs/01159.wav,"But beware Antisthenes, the dog sage, and the last end of Arius Heresiarchus.",6.149
01160,wavs/01160.wav,"He could drink and swear, now-but found to his surprise that he did not want to.",5.316
01161,wavs/01161.wav,We laid up for the day on a tow-head tolerable close to the left-hand bank.,4.869
01162,wavs/01162.wav,Anne went to the little Avonlea graveyard the next evening to put fresh flowers on Matthew's grave and water the Scotch rosebush.,7.96
01163,wavs/01163.wav,"That, in his place, is very foolish.",3.094
01164,wavs/01164.wav,Lynch with his poker lifts boldly a side of her slip.,3.226
01165,wavs/01165.wav,A pause by the wayside.,1.83
01166,wavs/01166.wav,How was he to live on without vindicating himself among people who suspected him of baseness?,5.745
01167,wavs/01167.wav,"It must be confessed, however, that the case looks exceedingly grave against the young man, and it is very possible that he is indeed the culprit.",9.75
01168,wavs/01168.wav,"In the very depth of physical suffering, bowed by brutal oppression, this question shot a gleam of joy and triumph through Tom's soul.",9.303
01169,wavs/01169.wav,She has a fault.,0.961
01170,wavs/01170.wav,"His confidence in the man vanished as he looked at him and saw his insignificance, his dirty appearance, his shiftiness, and his unintelligent, hairy face.",10.868
01171,wavs/01171.wav,And when they come to look at that spare room they had to take soundings before they could navigate it.,5.868
01172,wavs/01172.wav,"Clouds of dust rolled up, sheets of gravel and shale rattled down the inclines, the clatter, clatter, clatter of little hoofs, the steady baa-baa-baa filled the air.",11.36
01173,wavs/01173.wav,"If they cannot understand that, they cannot understand much that I have to say.",4.962
01174,wavs/01174.wav,"His private minor loans were numerous, but he would inquire strictly into the circumstances both before and after.",7.488
01175,wavs/01175.wav,As he spoke there was a sharp ring at the bell.,2.646
01176,wavs/01176.wav,All possible knickknacks glittered around her.,2.833
01177,wavs/01177.wav,Evidently he feared that were I to be really frightened again I might jump entirely out of the landscape.,6.277
01178,wavs/01178.wav,One no longer knows what is due to the living or to the dead.,3.66
01179,wavs/01179.wav,"O no, Vincent Lenehan said, laying a hand on the shoulder near him.",4.727
01180,wavs/01180.wav,"Eagerly, and not a little anxiously, they watched the jungle path along which he had disappeared.",6.298
01181,wavs/01181.wav,"Not liking to rejoice before the victory is assured, I abstain from congratulating you and those under your command, until bottom has been struck.",9.933
01182,wavs/01182.wav,"At suitable intervals there were regular salutes of laughter, which might have been referred indifferently to the last uttered or the forth-coming jest.",8.778
01183,wavs/01183.wav,I never saw people so happy.,2.265
01184,wavs/01184.wav,"I had learned from Kantos Kan the secret of opening these gates, and in another moment my twenty great fighting men stood within the doomed city of Zodanga.",9.812
01185,wavs/01185.wav,"Marilla kept her clothed in plain, dark dresses, all made after the same unvarying pattern.",6.82
01186,wavs/01186.wav,"I shall tease you, 'till you let me have my own way about it.",3.598
01187,wavs/01187.wav,"As his father rolled dead upon the floor the new jeddak tore himself free from Dejah Thoris' grasp, and again we faced each other.",8.267
01188,wavs/01188.wav,She reminded her that she had promised to join her club.,3.624
01189,wavs/01189.wav,"He then returned to the punch, in the highest state of exhilaration.",4.288
01190,wavs/01190.wav,Again hours of travel flew by like winged moments.,3.475
01191,wavs/01191.wav,"His singing of that simple ballad, Martin, is the most trenchant rendering I ever heard in the whole course of my experience.",8.179
01192,wavs/01192.wav,"He looked around, and began to turn out some of the lights.",3.456
01193,wavs/01193.wav,"In the preservation of favoured individuals and races, during the constantly-recurrent Struggle for Existence, we see the most powerful and ever-acting means of selection.",11.05
01194,wavs/01194.wav,Leblanc let them take their own course.,2.557
01195,wavs/01195.wav,"He found him reclining in an armchair, still in the same unbuttoned overcoat.",4.963
01196,wavs/01196.wav,Hooker had brought with him from the east a full supply of land transportation.,4.956
01197,wavs/01197.wav,"When they came to the spot where the deer had fallen a chorus of angry, thirsty howls filled the air.",6.699
01198,wavs/01198.wav,And should we not enquire what sort of knowledge has the power of effecting such a change?,5.209
01199,wavs/01199.wav,After a moment's hesitation he walked across the room to him.,3.822
01200,wavs/01200.wav,Mr Bloom with careful hand recomposed his wet shirt.,3.621
01201,wavs/01201.wav,The atmosphere was close and the air came at them in languid puffs of scent.,4.792
01202,wavs/01202.wav,He ought not to be punished for it.,2.046
01203,wavs/01203.wav,"Farebrother would believe me, and my uncle, and Sir James Chettam.",4.838
01204,wavs/01204.wav,Asquith at the last election.,1.987
01205,wavs/01205.wav,"That's as mamma used to do, whole afternoons together.",3.568
01206,wavs/01206.wav,"four Blow again trumpeter! and for my sensuous eyes, Bring the old pageants, show the feudal world.",7.773
01207,wavs/01207.wav,Cosette crawled out of the sort of hole in which she had hidden herself.,4.164
01208,wavs/01208.wav,"I kept on creeping just the same, but I looked at him over my shoulder.",4.776
01209,wavs/01209.wav,Next item on the programme.,1.832
01210,wavs/01210.wav,"But, at the same time certain facts arise, compel recognition, and knock at the door in their turn.",7.021
01211,wavs/01211.wav,"As for me, I laughed in myself without moving a muscle.",3.751
01212,wavs/01212.wav,For crust make a dough as for baking powder biscuit.,3.319
01213,wavs/01213.wav,What else was there to be done?,1.963
01214,wavs/01214.wav,"It hadn't ever come home to me before, what this thing was that I was doing.",4.772
01215,wavs/01215.wav,As I reached the doorway of our building a strange surprise awaited me.,4.459
01216,wavs/01216.wav,"The Waite Group Unix Communications, second ed.",3.612
01217,wavs/01217.wav,"Why, now comes my master, takes me right away from my work, and my friends, and all I like, and grinds me down into the very dirt!",9.92
01218,wavs/01218.wav,I wonder-I begin to think-I wish John would take me away from here!,4.269
01219,wavs/01219.wav,"This small project of attack, and then that other, proved futile, or was abandoned before the attempt.",7.218
01220,wavs/01220.wav,"Salt-water, how far injurious to seeds, three hundred and fifty-eight.",5.148
01221,wavs/01221.wav,With a fork remove them separately to a dry towel.,3.309
01222,wavs/01222.wav,"Were it not for the ugly wound upon my hand, all that had passed during those dreadful hours might have been an evil dream.",7.911
01223,wavs/01223.wav,"Looking out to ascertain for what, I saw, to My amazement, Peggotty burst from a hedge and climb into the cart.",7.711
01224,wavs/01224.wav,"They were stark naked, men, women, and children, round a fire, as I could discover by the smoke.",7.535
01225,wavs/01225.wav,Campbell felt dominated by him.,1.943
01226,wavs/01226.wav,Potter would have fallen if they had not caught him and eased him to the ground.,4.135
01227,wavs/01227.wav,In history we find a very similar progress of conviction concerning the part played by free will in the general affairs of humanity.,8.069
01228,wavs/01228.wav,"Kirke is your friend-the kindest soul that ever lived-and would make things pleasant for me, I know.",5.909
01229,wavs/01229.wav,"There, hammer that knot down, and we've done.",3.308
01230,wavs/01230.wav,"Lorry saw that they understood one another, and proceeded.",3.596
01231,wavs/01231.wav,Stare the sun for example like the eagle then look at a shoe see a blotch blob yellowish.,5.742
01232,wavs/01232.wav,She resisted and broke from him.,2.03
01233,wavs/01233.wav,"Addison and in Miss Austen there is, though a restrained and well-mannered, an insatiable and ruthless delight in roasting and cutting up a fool.",9.14
01234,wavs/01234.wav,"After the recapture of the batteries taken by the Confederates, our troops made a charge and carried the enemy's intrenched picket line, which they strengthened and held.",10.714
01235,wavs/01235.wav,"That was his motive for drawing back, I can assure you.",3.729
01236,wavs/01236.wav,"The Mystery Man on the Beach, prize titbit story by Mr Leopold Bloom.",5.138
01237,wavs/01237.wav,Twenty years asleep in Sleepy Hollow.,2.497
01238,wavs/01238.wav,Any girl reader who has suffered like afflictions will sympathize with poor Amy and wish her well through her task.,7.139
01239,wavs/01239.wav,"Glaucon and the rest entreated me by all means not to let the question drop, but to proceed in the investigation.",7.256
01240,wavs/01240.wav,"So they counts it, and it comes out four hundred and fifteen dollars short.",4.687
01241,wavs/01241.wav,"List, list, O list!",2.27
01242,wavs/01242.wav,There was a thrill in the doctor's voice which showed that he was himself deeply moved by that which he told us.,6.714
01243,wavs/01243.wav,"But still there are many hermaphrodite animals which certainly do not habitually pair, and a vast majority of plants are hermaphrodites.",8.852
01244,wavs/01244.wav,"The author at his master's command, informs him of the state of England.",4.796
01245,wavs/01245.wav,The faintness of the voice was pitiable and dreadful.,3.189
01246,wavs/01246.wav,March could not help smiling.,1.9
01247,wavs/01247.wav,Lady Bertram took it differently.,2.032
01248,wavs/01248.wav,"You have been shut up so long, it will do you no end of good, and I shall enjoy it, of all things.",6.621
01249,wavs/01249.wav,"Didn't he kick with right good will? it wasn't a common pitch pine leg he kicked with, was it?",6.596
01250,wavs/01250.wav,"But sister bronze outsmiled her, preening for him her richer hair, a bosom and a rose.",5.788
01251,wavs/01251.wav,But it is not often that virtue can boast an interest such as this.,4.445
01252,wavs/01252.wav,Horrock was terribly effective.,1.88
01253,wavs/01253.wav,"Don't I always say that to be good, a whale-steak must be tough?",4.513
01254,wavs/01254.wav,"He must have been a noble creature in his better days, being even now in wreck so attractive and amiable.",6.797
01255,wavs/01255.wav,I was ashamed of you--thoroughly ashamed of you.,3.124
01256,wavs/01256.wav,It is not a poor material!,2.0
01257,wavs/01257.wav,"Madame Defarge received it as a compliment, and looked at her husband.",4.505
01258,wavs/01258.wav,"I have a distinct remembrance of being married, but I have no recollection at all of being engaged.",6.106
01259,wavs/01259.wav,"So we progressed, incessantly charmed by some new marvel.",4.0
01260,wavs/01260.wav,Then he turned round and cast a glance of anguish toward heaven which was becoming studded with stars.,6.369
01261,wavs/01261.wav,Your head it simply.,1.183
01262,wavs/01262.wav,"They recognise that the true leader of men must be above the motives of ambition, and that national character is of greater value than material comfort and prosperity.",10.213
01263,wavs/01263.wav,"It looked as if the pair might take an immediate departure, and so necessitate very prompt and energetic measures on my part.",8.242
01264,wavs/01264.wav,How is one to help feeling sad?,2.208
01265,wavs/01265.wav,On the absence of intermediate varieties in any one formation.,3.846
01266,wavs/01266.wav,We gave shade on languorous summer days.,2.78
01267,wavs/01267.wav,On the next day they did not come to the Luxembourg.,3.213
01268,wavs/01268.wav,They are clothed in coarse woollen or coarse linen.,2.822
01269,wavs/01269.wav,"The great majority were silent and still, looking fixedly at the ground.",4.817
01270,wavs/01270.wav,"Then I did the same for Conseil, and we continued to swim near to each other.",4.821
01271,wavs/01271.wav,"She was still redder and more uncomfortable a moment after, when a sudden turn in the conversation introduced the subject of dress.",7.894
01272,wavs/01272.wav,"Holmes was sitting with his back to me, and I had given him no sign of my occupation.",5.743
01273,wavs/01273.wav,"For a moment perhaps I stood there, breast-high in the almost boiling water, dumbfounded at my position, hopeless of escape.",8.804
01274,wavs/01274.wav,"To the well beaten yolks of five eggs add two teaspoonfuls of corn starch, and a little salt dissolved in one-half cup of milk.",8.945
01275,wavs/01275.wav,There warn't nobody around but the family and the widow Bartley and our tribe.,4.457
01276,wavs/01276.wav,She walked straight up to the bed.,2.098
01277,wavs/01277.wav,"But that night Hancock and Wright were to make a night march back to their old positions, and to make an assault at four o'clock in the morning.",8.365
01278,wavs/01278.wav,"On the fourth of November Longstreet left our front with about fifteen thousand troops, besides Wheeler's cavalry, five thousand more, to go against Burnside.",11.371
01279,wavs/01279.wav,"That we, the neophytes, might have an excess of light shining upon us all at once, orders were given to let out Twenty Eight.",8.366
01280,wavs/01280.wav,Collins was also in the same state of angry pride.,3.379
01281,wavs/01281.wav,Sun's heat it is.,1.338
01282,wavs/01282.wav,Might I have expected it?,1.544
01283,wavs/01283.wav,"Only he remained an hour instead of half an hour, to Fantine's great delight.",4.992
01284,wavs/01284.wav,"We staid there three weeks to refresh our crew, many of whom were sick.",4.351
01285,wavs/01285.wav,"The two friends had set off for Belgium, while the due warmth was still in the air.",5.08
01286,wavs/01286.wav,"In every other respect he conformed to the religion of the young settlement, and gained the name of being an orthodox and straight-walking man.",8.394
01287,wavs/01287.wav,To them the coming examinations were constantly very important indeed--far more important than chestnut buds or Maytime hazes.,8.751
01288,wavs/01288.wav,The dog growled and showed his teeth.,2.557
01289,wavs/01289.wav,"Henry, remember that Robinson is spoken to about it.",3.464
01290,wavs/01290.wav,"The more solitary, the more friendless, the more unsustained I am, the more I will respect myself.",6.968
01291,wavs/01291.wav,He had hardly spoken before there rushed into the room one of the most lovely young women that I have ever seen in my life.,7.416
01292,wavs/01292.wav,Hardly had he done so before he lowered his legs in their woolen stockings to the earthen floor and began putting on his boots.,7.887
01293,wavs/01293.wav,"What do you think, Martin?",1.773
01294,wavs/01294.wav,"My instructions for that army were all through him, and were general in their nature, leaving all the details and the execution to him.",8.352
01295,wavs/01295.wav,"If you have seen amiss, sir, do not allow yourself to say what you don't know!",5.159
01296,wavs/01296.wav,"He was a boisterous, pallid, nimble, wide-awake, jeering, lad, with a vivacious but sickly air.",8.086
01297,wavs/01297.wav,Big Eagle was told to look carefully over the ground and select the best direction from which they should make the attack.,7.486
01298,wavs/01298.wav,It seemed to him that the noon recess would never come.,3.089
01299,wavs/01299.wav,"Then Menelaus went down into his fragrant store room,one hundred and thirty not alone, but Helen went too, with Megapenthes.",9.094
01300,wavs/01300.wav,"One egg, six even tablespoonfuls sugar, six heaping tablespoonfuls flour, one heaping tablespoonful baking powder, milk to make batter a little thinner than cake dough.",12.333
01301,wavs/01301.wav,What did the second drawer contain?,2.268
01302,wavs/01302.wav,"He had a closet in his room, fitted up for the purpose, which smelt of the scented soap like a perfumer's shop.",7.301
01303,wavs/01303.wav,Elinor's happiness was not so great.,2.465
01304,wavs/01304.wav,"She knew enough to feel secure of an honourable and speedy establishment, and her imagination took a rapid flight over its attendant felicities.",9.304
01305,wavs/01305.wav,"At this minute I see him turn round in the garden, and give us a last look with his ill-omened black eyes, before the door was shut.",8.501
01306,wavs/01306.wav,I want music to-night.,1.709
01307,wavs/01307.wav,"The night was very dark, so that I can hardly imagine how he could have hoped to see anyone.",5.967
01308,wavs/01308.wav,It was nine o'clock in the morning.,1.931
01309,wavs/01309.wav,"They were hemmed in by the lofty, six-story house which formed the background of their redoubt.",5.768
01310,wavs/01310.wav,I steal no man's water.,1.941
01311,wavs/01311.wav,The wrist felt as if it were not his.,2.347
01312,wavs/01312.wav,But I now indulge in dreams of bliss that cannot be realised.,4.277
01313,wavs/01313.wav,"That, again, need not enter into our discussion.",3.604
01314,wavs/01314.wav,He familiarly adjusted a ruffle upon her shoulder.,3.406
01315,wavs/01315.wav,"Jean Valjean, with the gentleness of movement which a brother would exercise towards his wounded brother, deposited Marius on the banquette of the sewer.",9.226
01316,wavs/01316.wav,Where would you find anywhere the like of Irish bacon?,3.389
01317,wavs/01317.wav,The silent lechers turn to pay the jarvey.,2.783
01318,wavs/01318.wav,It has no necessary connection with any one virtue.,3.597
01319,wavs/01319.wav,"Then come thou neer, and tell what newes thou bringst.",3.678
01320,wavs/01320.wav,"He had gradually dropped to the floor, and lay there in a lethargy, worn out.",5.31
01321,wavs/01321.wav,"There are many traditions with Usenet, not the least of which is dubbed netiquette---being polite and considerate of others.",7.455
01322,wavs/01322.wav,"Her talent for every species of drollery, grimace, and mimicry,-for dancing, tumbling, climbing, singing, whistling, imitating every sound that hit her fancy,-seemed inexhaustible.",13.791
01323,wavs/01323.wav,He slowly raised the hammer of his rifle.,2.562
01324,wavs/01324.wav,"I heard one man say it was nearly three o'clock, and he hoped daylight wouldn't wait more than about a week longer.",7.136
01325,wavs/01325.wav,Edmund had greatly the advantage of her in this respect.,3.407
01326,wavs/01326.wav,"Ingalls, the trains were made to occupy all the available roads between the army and our water-base, and but little difficulty was experienced in protecting them.",10.73
01327,wavs/01327.wav,"We will go under your protection, and will give you as little trouble as we can.",4.862
01328,wavs/01328.wav,But these are nondescripts and may be found equally among Hellenes and among barbarians.,5.7
01329,wavs/01329.wav,A resolver is used to translate between hostnames and Internet addresses.,5.151
01330,wavs/01330.wav,"Norris's continuing where she was, instead of rushing out into the hall as soon as the noises of the arrival reached them.",7.89
01331,wavs/01331.wav,"I landed next morning, and saw once more my native country, after an absence of five years and six months complete.",7.824
01332,wavs/01332.wav,He was determined that he would not think about what had happened until it became absolutely necessary that he should do so.,7.364
01333,wavs/01333.wav,"Five cents each, sah.",2.11
01334,wavs/01334.wav,She's got a beautiful complexion and curly brown hair and she does it up so elegantly.,5.598
01335,wavs/01335.wav,"Her mouth, half open with astonishment at the wonders of the new Mas'r's parlor, displayed a white and brilliant set of teeth.",7.885
01336,wavs/01336.wav,"I got the dish-cloth, and rather spitefully scrubbed Edgar's nose and mouth, affirming it served him right for meddling.",8.169
01337,wavs/01337.wav,"When the entertainment was over, Thorpe came to assist them in getting out.",4.562
01338,wavs/01338.wav,"Without you, or when something comes between us like this, I seem lost and can't do anything.",6.388
01339,wavs/01339.wav,The first kiss had also been the last.,2.359
01340,wavs/01340.wav,But supposing it was something else?,2.236
01341,wavs/01341.wav,Then my feet were cut loose.,1.87
01342,wavs/01342.wav,"Every boy capable of carrying a musket had insisted upon joining, and among them were a whole company of cadets from Lexington.",8.553
01343,wavs/01343.wav,"I lie abstracted and hear beautiful tales of things and the reasons of things, They are so beautiful I nudge myself to listen.",8.147
01344,wavs/01344.wav,Hands by the halyards! in top-gallant sails!,4.114
01345,wavs/01345.wav,"And they shall stone him and defile him, yea, all from Agendath Netaim and from Mizraim, the land of Ham.",7.632
01346,wavs/01346.wav,"They made a horrible groaning as their brains were being battered in, and the ground seethed with their blood.",6.133
01347,wavs/01347.wav,"Why for the observer impressionability in addition to vigour, corporal proportion and commercial ability?",6.538
01348,wavs/01348.wav,A frightful exchange of metaphors took place between the maskers and the crowd.,5.025
01349,wavs/01349.wav,"Terence and Rachel sat watching them through their half-closed eyelids-the Johnsons, the Parkers, the Baileys, the Simmons', the Lees, the Morleys, the Campbells, the Gardiners.",12.674
01350,wavs/01350.wav,He ate no soup.,1.236
01351,wavs/01351.wav,"The previous chapter gave account of an immense body or herd of Sperm Whales, and there was also then given the probable cause inducing those vast aggregations.",10.764
01352,wavs/01352.wav,"He folded up the note again, with great patience and care, in exactly the same form, and laid it on one side.",8.11
01353,wavs/01353.wav,"Such and such a one took care of such and such a one's burial, and soon after was buried himself.",6.544
01354,wavs/01354.wav,Then I heard them hoisting it up the iron staircase by means of pulleys.,5.108
01355,wavs/01355.wav,"My Lord, they say That all the protestants are massacred.",4.03
01356,wavs/01356.wav,We're a very small party.,1.677
01357,wavs/01357.wav,"Marius went off quite abashed, but delighted.",2.887
01358,wavs/01358.wav,"Travel by mules and ox-carts is slow and sure, but the roads are very bad, as I have heard from friends who have made explorations in Honduras.",10.38
01359,wavs/01359.wav,"So, in productive subjects, grow the chapters.",3.788
01360,wavs/01360.wav,I knew my place was with my brothers.,2.539
01361,wavs/01361.wav,The terrified soldier made haste to disappear.,2.979
01362,wavs/01362.wav,"Boggs, raising his cup.",2.007
01363,wavs/01363.wav,"Originally perhaps it was applied only to express neatness, propriety, delicacy, or refinement-people were nice in their dress, in their sentiments, or their choice.",12.392
01364,wavs/01364.wav,Three days if you like.,1.691
01365,wavs/01365.wav,He had followed close behind Tardos Mors and seemed even more affected by the meeting than had his father.,6.656
01366,wavs/01366.wav,"Another may be as handsome as a god, but his good looks are not crowned with discretion.",5.464
01367,wavs/01367.wav,"Campbell could not oppose such a resolution, though their feelings did.",4.567
01368,wavs/01368.wav,"Muslin prints, silkdames and dowagers, jingle of harnesses, hoofthuds lowringing in the baking causeway.",8.021
01369,wavs/01369.wav,"This frightened Irus still more, but they brought him into the middle of the court, and the two men raised their hands to fight.",8.151
01370,wavs/01370.wav,I hope they are quite well.,1.589
01371,wavs/01371.wav,Certain nocturnal wading birds produce these silhouettes among the marshes.,4.656
01372,wavs/01372.wav,"Of course, that caused no alarm so long as telegraphic communication was kept up with Sherman.",6.555
01373,wavs/01373.wav,"From the point of view of history, of reason, and of truth, monasticism is condemned.",5.921
01374,wavs/01374.wav,These two little creatures were evidently happy.,2.974
01375,wavs/01375.wav,The dignity of our calling the very heavens attest.,3.174
01376,wavs/01376.wav,"Having wept, talked, and wiped away their tears, the two friends went together to Prince Andrew's door.",7.125
01377,wavs/01377.wav,"As he said this, each looked towards their mother.",3.085
01378,wavs/01378.wav,"But by-and-by the opaque gloom brought home to him, as the day had never done, the reality of his solitude.",7.37
01379,wavs/01379.wav,Both could be saved if I could but silence that foul tongue.,3.907
01380,wavs/01380.wav,"This sociability seemed a necessary part of professional prudence, and the entertainment must be suitable.",6.826
01381,wavs/01381.wav,"But my feet would not touch the ground, and I was forced to stay on that pole.",5.136
01382,wavs/01382.wav,But to-day being Saturday rather complicates matters.,3.731
01383,wavs/01383.wav,"Outside there began a metallic hammering, then a violent hooting, and then again, after a quiet interval, a hissing like the hissing of an engine.",9.729
01384,wavs/01384.wav,"Lydgate, and know you better than you know me.",2.707
01385,wavs/01385.wav,He was somewhat flushed with the wine and the drive.,2.962
01386,wavs/01386.wav,My house had in the mean while been shingled down to the ground on every side.,4.476
01387,wavs/01387.wav,"When I went to Lunnon town sirs, Too rul loo rul Too rul loo rul Wasn't I done very brown sirs?",6.312
01388,wavs/01388.wav,If he had not been her brother I should have known better how to answer him.,4.334
01389,wavs/01389.wav,"To an unfortunate bachelor of a fellow who has lived alone all his life, you know, it's positively delicious.",7.32
01390,wavs/01390.wav,He listened and could tell by the continued heavy and regular breathing of his chum that Tom was still asleep.,6.186
01391,wavs/01391.wav,"The enemy confronting Sherman, now seeing everything to their left giving way, fled also.",6.155
01392,wavs/01392.wav,"John Dashwood, without sending any notice of her intention to her mother-in-law, arrived with her child and their attendants.",8.536
01393,wavs/01393.wav,"If I kill her, what will she be good for?",2.825
01394,wavs/01394.wav,"We know pretty well that we were helping ourselves, before we met here, I believe.",5.751
01395,wavs/01395.wav,She was very hungry.,1.446
01396,wavs/01396.wav,Never had she felt such a one as this letter contained.,3.654
01397,wavs/01397.wav,A mouthful of tea.,1.267
01398,wavs/01398.wav,Farebrother could not let pass.,2.095
01399,wavs/01399.wav,We've got to face it.,1.441
01400,wavs/01400.wav,"Humphreys forced his way across with some loss, and followed Lee to the intersection of the road crossing at Farmville with the one from Petersburg.",9.173
01401,wavs/01401.wav,There was no sign of him there.,2.169
01402,wavs/01402.wav,"But if we stay at home and mind our business, who will want railroads?",4.606
01403,wavs/01403.wav,"David, for the sake of old times, do, please, try to help me!",5.266
01404,wavs/01404.wav,"Morning visits are never fair by women at her time of life, who make themselves up so little.",6.2
01405,wavs/01405.wav,There was one chance--just one.,2.532
01406,wavs/01406.wav,"On the way thither, he encountered Courfeyrac, and pretended not to see him.",5.179
01407,wavs/01407.wav,"Damn thee, kiss me!",1.641
01408,wavs/01408.wav,"She then proceeded to fill a glass with water, and place it on a tray, together with candles.",6.428
01409,wavs/01409.wav,He set out on his way once more.,2.358
01410,wavs/01410.wav,"Ned's mother, and entered with pretty congratulations into the subject of the coming marriage.",5.652
01411,wavs/01411.wav,"Gummidge's was rather a fretful disposition, and she whimpered more sometimes than was comfortable for other parties in so small an establishment.",9.456
01412,wavs/01412.wav,"Brow and head were round, and of massive weight, but the face was flabby and irresolute.",5.662
01413,wavs/01413.wav,"When this despondency was at its worst, I believed that I should die.",4.599
01414,wavs/01414.wav,What was she feeling left alone in the empty hall?,3.135
01415,wavs/01415.wav,"Find it he did, soon after dawn, and not far from the sand-pits.",5.219
01416,wavs/01416.wav,I will not abuse him.,1.49
01417,wavs/01417.wav,"He smiled, pleasing himself.",2.262
01418,wavs/01418.wav,"But with every word spoken the room was growing darker, and only her forehead, smooth and white, remained illumined by the inextinguishable light of belief and love.",10.737
01419,wavs/01419.wav,Could she go back to the former quiet pleasures of those faraway days before the concert?,5.586
01420,wavs/01420.wav,"They were not time subtracted from my life, but so much over and above my usual allowance.",6.231
01421,wavs/01421.wav,"Its ruddy rays peeped over the eastern hills, kissed the tree-tops, glinted along the stony bluffs, and chased away the gloom of night from the valley.",10.111
01422,wavs/01422.wav,"His good-nature, his humanity, as I tell you, would be quite enough to account for the horses.",6.874
01423,wavs/01423.wav,"But levity Is causal too, and makes the sum of weight.",3.572
01424,wavs/01424.wav,Dick in a moment.,0.972
01425,wavs/01425.wav,"I paddled over to the Illinois shore, and drifted down most a half a mile doing it.",5.627
01426,wavs/01426.wav,Vincent said he thought that there could not be much difficulty about getting an overseer.,5.424
01427,wavs/01427.wav,They would have found it difficult to replace him.,2.75
01428,wavs/01428.wav,"Your own reality-for yourself, not for others-what no other man can ever know.",5.399
01429,wavs/01429.wav,"Did not I bid thee still mark me, and do as I do?",3.731
01430,wavs/01430.wav,"We are still surrounded by mountains of ice, still in imminent danger of being crushed in their conflict.",6.797
01431,wavs/01431.wav,"Nothing of its beauty now remained, save the marvelous outlines in which its principal charm had lain.",6.963
01432,wavs/01432.wav,"On the smooth jutting beerpull laid Lydia hand, lightly, plumply, leave it to my hands.",6.445
01433,wavs/01433.wav,She interrupted him with a gleam of joy in her eyes.,3.35
01434,wavs/01434.wav,"When she had entered two or three laborious items in the account-book, Jip would walk over the page, wagging his tail, and smear them all out.",9.671
01435,wavs/01435.wav,"Like all people who try to exhaust a subject, he exhausted his listeners.",5.358
01436,wavs/01436.wav,Some unobtrusive touch had been added to Mademoiselle Bourienne's toilet which rendered her fresh and pretty face yet more attractive.,7.669
01437,wavs/01437.wav,"Haley, to show him the road, and help him.",3.029
01438,wavs/01438.wav,"It was nearing the Nautilus, and we could see that it was putting on steam.",4.625
01439,wavs/01439.wav,"I am too old, I am a hundred years old, I am a hundred thousand years old, I ought, by rights, to have been dead long ago.",9.586
01440,wavs/01440.wav,Give me my shepherdess and try to make her a duchess.,3.323
01441,wavs/01441.wav,"Bloom ejaculated, surprised though not astonished by any means, I never heard that rumour before.",7.698
01442,wavs/01442.wav,This speech troubled me.,1.558
01443,wavs/01443.wav,Mabeuf received an invitation to dine with the Minister.,3.674
01444,wavs/01444.wav,The letter was on the bookshelf.,1.9
01445,wavs/01445.wav,"But there warn't no answer, and nobody come out of the wigwam.",3.789
01446,wavs/01446.wav,Sufficient cavalry should be left behind to look after Mosby's gang.,4.615
01447,wavs/01447.wav,"I then took my tackling, and, fastening a hook to the hole at the prow of each, I tied all the cords together at the end.",8.58
01448,wavs/01448.wav,"They could not act, they could not rehearse with any satisfaction without her.",4.676
01449,wavs/01449.wav,All was quiet for some moments.,2.204
01450,wavs/01450.wav,"It was a century which spoke through her, but it was the eighteenth century.",4.741
01451,wavs/01451.wav,I am sorry to hear you putting any such extraordinary questions.,4.168
01452,wavs/01452.wav,I inclined my head in acquiescence.,2.491
01453,wavs/01453.wav,"One cannon ball, another, and a third flew over him, falling in front, beside, and behind him.",7.132
01454,wavs/01454.wav,"I was not afraid of the shabby coat, and had no yearnings after gallant greys.",5.128
01455,wavs/01455.wav,It is most needful that thou shouldst always remember this.,3.91
01456,wavs/01456.wav,Tilney and his sister were gone out in a phaeton together?,3.118
01457,wavs/01457.wav,Raffles's pleasure in annoying his company was kept in abeyance.,4.199
01458,wavs/01458.wav,And the count stepped as briskly back into the room and slammed the door behind him.,4.969
01459,wavs/01459.wav,It is in your power to choose.,1.894
01460,wavs/01460.wav,"A leader to the very finger-tips, Enjolras, seeing that they murmured, insisted.",5.761
01461,wavs/01461.wav,She went home very happy.,1.871
01462,wavs/01462.wav,"A battalion of Nassau, seven hundred strong, was overwhelmed there.",4.805
01463,wavs/01463.wav,"As long as the owner is happy with the job the administrator is doing, he can do whatever he pleases, up to and including cutting off Usenet entirely.",10.098
01464,wavs/01464.wav,"He stood motionless, and did not relax his hold on Montparnasse.",4.604
01465,wavs/01465.wav,A man is a Baron most of all to his servants.,3.17
01466,wavs/01466.wav,"It felt like it, too-choking, warm, stifling.",3.707
01467,wavs/01467.wav,"Voluble, dutiful, he led the way to all the provincial papers, a bowing dark figure following his hasty heels.",8.272
01468,wavs/01468.wav,Emma will be happy to entertain you.,2.077
01469,wavs/01469.wav,"That is-no, not much, but what she did say was very interesting.",4.633
01470,wavs/01470.wav,"Where two or three of these sovereignties are combined, the state begins.",4.646
01471,wavs/01471.wav,They neglected to let me know.,1.97
01472,wavs/01472.wav,Vincent leaped to his feet.,1.614
01473,wavs/01473.wav,"In both cases the sterility is independent of general health, and is often accompanied by excess of size or great luxuriance.",8.563
01474,wavs/01474.wav,An alternative to the currently well over-used FTPmail system is taking advantage of the many archive servers that are presently being maintained.,9.063
01475,wavs/01475.wav,"Ned Lambert said, raising in salute his pliant lath among the flickering arches.",5.627
01476,wavs/01476.wav,"Dillon, ex lord mayor of Dublin.",2.692
01477,wavs/01477.wav,You must hold him in a little when going down hill.,3.181
01478,wavs/01478.wav,One ought to know so much more than one does.,3.014
01479,wavs/01479.wav,It was as if some invisible jet impinged upon them and flashed into white flame.,5.544
01480,wavs/01480.wav,Let us go down.,1.268
01481,wavs/01481.wav,And he again turned to Pierre.,1.808
01482,wavs/01482.wav,"The common term under which, through the accidental use of language, two entirely different ideas were included was another source of confusion.",9.419
01483,wavs/01483.wav,At night he was ordered to join on to this.,2.984
01484,wavs/01484.wav,They had done nothing whatever.,1.759
01485,wavs/01485.wav,"She only shook her own head at him, but in a way that made him quail.",4.419
01486,wavs/01486.wav,But I do respect it.,1.344
01487,wavs/01487.wav,"It was Laurie's father, who had run away in his youth, and married against the imperious old man's will.",6.963
01488,wavs/01488.wav,This letter came from the same place as the other four.,3.444
01489,wavs/01489.wav,"The increase of these flies, numerous as they are, must be habitually checked by some means, probably by birds.",8.192
01490,wavs/01490.wav,"There, there, child, don't cry.",3.439
01491,wavs/01491.wav,"Inside was a green paste, waxy in lustre, the odour curiously heavy and persistent.",6.191
01492,wavs/01492.wav,"As for the sign-painters' whales seen in the streets hanging over the shops of oil-dealers, what shall be said of them?",7.457
01493,wavs/01493.wav,"Of these, however, it was decided to take the lower route.",4.097
01494,wavs/01494.wav,"Liberty, however, had been a useless gift to me, had I not, as I awakened to reason, at the same time awakened to revenge.",9.128
01495,wavs/01495.wav,"This man, whom he had seen upon the Jury, stood drinking at the little counter, in conversation with the Defarges, man and wife.",9.399
01496,wavs/01496.wav,"The Matthew whose place was to be at Miss Havisham's head, when she lay dead, in her bride's dress on the bride's table.",8.107
01497,wavs/01497.wav,"Jo's funny hat deserved a vote of thanks, for it was of general utility.",5.11
01498,wavs/01498.wav,"Mr Deasy laughed with rich delight, putting back his savingsbox.",4.75
01499,wavs/01499.wav,Would there ever be some one who would fill him with a strange idolatry?,4.061
01500,wavs/01500.wav,Unwell in his abominable regions.,2.402
01501,wavs/01501.wav,And how is la belle dame?,1.676
01502,wavs/01502.wav,"That is very generous of you, Lady Bracknell.",3.081
01503,wavs/01503.wav,Speak to the child.,1.325
01504,wavs/01504.wav,But these justifications have a very necessary significance in their own day.,5.025
01505,wavs/01505.wav,"He died in one thousand, eight hundred and eleven.",3.275
01506,wavs/01506.wav,"Javert went on, with a severe air and his eyes still cast down.",4.62
01507,wavs/01507.wav,He often surprised those he met by his significantly happy looks and smiles which seemed to express a secret understanding between him and them.,9.13
01508,wavs/01508.wav,She had twins three times.,1.881
01509,wavs/01509.wav,True misery he had but just had a view of.,2.671
01510,wavs/01510.wav,"A very good thing if it were broken off, in my opinion.",3.79
01511,wavs/01511.wav,"But then, the idea was, that his presence was by no means necessary in getting the ship under weigh, and steering her well out to sea.",9.228
01512,wavs/01512.wav,"Is it a third, or akin to one of the preceding?",3.292
01513,wavs/01513.wav,"All her dear plans were embittered, and she thought with disgust of Sir James's conceiving that she recognized him as her lover.",8.176
01514,wavs/01514.wav,Who is the father of any son that any son should love him or he any son?,4.619
01515,wavs/01515.wav,But consider how little this village does for its own culture.,4.015
01516,wavs/01516.wav,"I have said that over the great Grimpen Mire there hung a dense, white fog.",4.842
01517,wavs/01517.wav,"At this, he laughed again, and they both laughed.",3.568
01518,wavs/01518.wav,"A week after Tony's escape, Vincent returned late one evening from a visit to some friends.",6.421
01519,wavs/01519.wav,Gallop off to him at once and say I'll have his head off if everything is not here in a week.,5.328
01520,wavs/01520.wav,Never in my life have I seen such a sight.,2.769
01521,wavs/01521.wav,Matthew groaned in spirit as he turned about and shuffled gently down the platform towards her.,5.8
01522,wavs/01522.wav,The Hanoverians lined this balustrade and fired from above.,3.9
01523,wavs/01523.wav,The Injun blood ain't in me for nothing.,2.581
01524,wavs/01524.wav,I hope he will come tonight.,1.6
01525,wavs/01525.wav,"Madeleine, the probable relative of a bishop.",3.094
01526,wavs/01526.wav,"The bright dawn flooded the room and swept the fantastic shadows into dusky corners, where they lay shuddering.",7.202
01527,wavs/01527.wav,"To-morrow, Lane, I'm going Bunburying.",3.173
01528,wavs/01528.wav,Shilling a bottle of stout.,1.771
01529,wavs/01529.wav,There was another long pause.,1.946
01530,wavs/01530.wav,Sigel's record is almost equally brief.,2.818
01531,wavs/01531.wav,"He laid her gently on the ground, and went away.",3.303
01532,wavs/01532.wav,Featherstone as the required testimony.,2.662
01533,wavs/01533.wav,"And as she snuggled comfortably beneath the eiderdown a sense of restfulness invaded her, such as she had not known before.",8.139
01534,wavs/01534.wav,"His wife was keenly interested in everything he said, laying down her fork the better to listen, chiming in, taking the words out of his mouth.",9.241
01535,wavs/01535.wav,Has that silk hat ever since.,2.19
01536,wavs/01536.wav,Thomas and the twins and Katie Maurice and Violetta and coming to Green Gables and my troubles over geometry.,7.011
01537,wavs/01537.wav,The prioress alone can hold communication with strangers.,3.838
01538,wavs/01538.wav,He laughed again at the now smiling bearded face.,3.035
01539,wavs/01539.wav,"Gold ring, with masonic device.",2.475
01540,wavs/01540.wav,Elton fidgeting behind her and watching every touch.,3.298
01541,wavs/01541.wav,"That is his main fault, but on the whole he's a good worker.",3.858
01542,wavs/01542.wav,But I wonder how Mary herself feels about it.,2.867
01543,wavs/01543.wav,"She never would tell me anything about her family, except that she forsook them to get her own living-went on the stage, in fact.",8.349
01544,wavs/01544.wav,"In western Virginia, Breckenridge, with three thousand, five hundred men, was called upon to hold in check Sigel, with fifteen thousand men.",10.173
01545,wavs/01545.wav,"Welt them through life, then wallop after death.",3.472
01546,wavs/01546.wav,We could hope to be picked up.,1.63
01547,wavs/01547.wav,"Let 'em go drown like Pip, that jumped from a whale-boat.",3.952
01548,wavs/01548.wav,Here was a new stunner-I had been calculating on four or five thousand.,4.884
01549,wavs/01549.wav,"Of their all removing to Donwell, Emma had already had her own passing thoughts.",5.383
01550,wavs/01550.wav,The nations always have our respect and our sympathy.,3.206
01551,wavs/01551.wav,Except a city?-or would you include a city?,3.612
01552,wavs/01552.wav,Who can choose but wonder at them?,2.121
01553,wavs/01553.wav,"I suppose each kind of trade made its own, don't you see?",4.138
01554,wavs/01554.wav,"O the of increase, growth, recuperation, The joy of soothing and pacifying, the joy of concord and harmony.",8.396
01555,wavs/01555.wav,Do go and change them.,1.611
01556,wavs/01556.wav,But we can also imagine the existence of an age in which a severer conception of truth has either banished or transformed them.,7.926
01557,wavs/01557.wav,That one is not listened to is no reason for preserving silence.,4.312
01558,wavs/01558.wav,"But what I saw was simply a reflection, developed by the clearness of the waters.",5.483
01559,wavs/01559.wav,"So soon as the cab had passed, he flung himself, with both hands open, upon the heap of coins, and began thrusting handfuls in his pocket.",10.541
01560,wavs/01560.wav,Gillenormand was worn out with hearing him tell about the love affairs that he had in the vicinity of the barracks in the Rue de Babylone.,7.9
01561,wavs/01561.wav,Let us follow it out to the bitter end.,2.384
01562,wavs/01562.wav,I thought I had read in his face that he would like to speak to me alone.,4.195
01563,wavs/01563.wav,"Garth, he would ride to Stone Court and confess all to Mary.",4.062
01564,wavs/01564.wav,How is enjoyment in this to be explained?,2.563
01565,wavs/01565.wav,So that thou needest not fear any new thing.,2.778
01566,wavs/01566.wav,Hurst reminded his sister-in-law of the card-table--but in vain.,4.402
01567,wavs/01567.wav,It was a flaming torch that kindled desire.,3.041
01568,wavs/01568.wav,"Another discreditable feature is, that, for a like reason, they are incapable of carrying on any war.",7.618
01569,wavs/01569.wav,We are going to lough Owel on Monday with a few friends to make a scrap picnic.,4.966
01570,wavs/01570.wav,It was a night for enjoyment.,1.78
01571,wavs/01571.wav,"The head is not a bad type, after all.",2.716
01572,wavs/01572.wav,Just before dark we reached the main body of troops shortly after they had made camp for the night.,6.257
01573,wavs/01573.wav,"Waule continued, finding some relief in this communication.",3.965
01574,wavs/01574.wav,"Mouldy cannon-balls, old sword-blades, and shapeless projectiles, eaten up with rust, were picked up at the spot where his horse's feet stood.",10.283
01575,wavs/01575.wav,Could it have been aught but a shipwreck which had drawn it under the water?,3.98
01576,wavs/01576.wav,"She was sitting on a seat at one end of a kind of terrace, overlooking the great city.",5.344
01577,wavs/01577.wav,Pontellier desired to see her.,2.111
01578,wavs/01578.wav,In the sudden stab of fear that pierced her very heart she realized what Anne had come to mean to her.,5.994
01579,wavs/01579.wav,Rush your order and you play a slick ace.,2.607
01580,wavs/01580.wav,There ain't a coward amongst them Shepherdsons-not a one.,3.713
01581,wavs/01581.wav,"Any how, young man, he won't always see me, so I don't suppose he will thee.",5.89
01582,wavs/01582.wav,"But where's the harm, if he likes it?",2.427
01583,wavs/01583.wav,"What if Bulstrode would agree to his placing Fred Vincy there on the understanding that he, Caleb Garth, should be responsible for the management?",9.388
01584,wavs/01584.wav,But we preserved an unbroken silence.,2.74
01585,wavs/01585.wav,I deem it safe to say that there were no large engagements where the National numbers compensated for the advantage of position and intrenchment occupied by the enemy.,10.204
01586,wavs/01586.wav,"Except at one end where the roof had collapsed, this gallery was well preserved.",4.979
01587,wavs/01587.wav,Other I got pound.,1.384
01588,wavs/01588.wav,Stephen listened in scornful silence.,2.78
01589,wavs/01589.wav,Have you helped them physically and morally?,2.419
01590,wavs/01590.wav,"I can only say, madam, that I shall be happy to devote the same care to your case as I did to that of your friend.",7.886
01591,wavs/01591.wav,Your pride cannot blind God!,2.321
01592,wavs/01592.wav,"The rout was shaken, their ranks were broken, all ran, fled, made their escape, some with shouts of attack, others with the pallor of flight.",10.125
01593,wavs/01593.wav,"A miliary fever, they call it.",2.388
01594,wavs/01594.wav,"Lorry looked out again, and the sun was red on the courtyard.",4.099
01595,wavs/01595.wav,You could see from afar the white of their eyeballs glistening.,3.304
01596,wavs/01596.wav,"She was pretty too, if my recollections of her face and person are correct.",4.827
01597,wavs/01597.wav,I envy you reading them for the first time.,2.359
01598,wavs/01598.wav,Also I had some words with Dene.,2.125
01599,wavs/01599.wav,"Notwithstanding the buzzing in my head, I soon heard the humming sound under the hull of the Nautilus.",6.227
01600,wavs/01600.wav,"The clocks are on the stroke of three, and the furrow ploughed among the populace is turning round, to come on into the place of execution, and end.",9.46
01601,wavs/01601.wav,They held a consultation.,1.868
01602,wavs/01602.wav,You were as conscious as heart could desire.,2.703
01603,wavs/01603.wav,What! a novice not worship her priest!,3.453
01604,wavs/01604.wav,Two letters and a card lay on the hallfloor.,2.837
01605,wavs/01605.wav,Still more shaken was he next morning.,2.513
01606,wavs/01606.wav,"The paramount importance of these considerations in explaining the immense amount of variation which pigeons have undergone, will be obvious when we treat of Selection.",10.09
01607,wavs/01607.wav,"He is led into telling lies-my idea, you see, is to show the gradual corruption of the soul-calls himself the son of some great landed proprietor in Devonshire.",11.469
01608,wavs/01608.wav,A black squirrel ran down a tree and seeing the hunter scampered away in alarm.,4.926
01609,wavs/01609.wav,"Some sails on the horizon, doubtless those going to San Roque in search of favourable winds for doubling the Cape of Good Hope.",8.118
01610,wavs/01610.wav,"From these basins the water is continually exhaled by the sun in the daytime, which effectually prevents their overflowing.",7.949
01611,wavs/01611.wav,Heir to Sir Walter Elliot!,1.575
01612,wavs/01612.wav,"He was my godfather, and excessively attached to me.",3.945
01613,wavs/01613.wav,"The air was filled with phantoms, wandering hither and thither in restless haste, and moaning as they went.",6.531
01614,wavs/01614.wav,"This she made into a commodious tent, and had work bags and fine robes and blankets put inside.",6.972
01615,wavs/01615.wav,He should know the limits of his own powers.,2.756
01616,wavs/01616.wav,It has often been stated that domestic races do not differ from each other in characters of generic value.,6.81
01617,wavs/01617.wav,"Mrs Harville was a very experienced nurse, and her nursery-maid, who had lived with her long, and gone about with her everywhere, was just such another.",10.098
01618,wavs/01618.wav,"Marius hesitated to believe that the Fauchelevent of the barricade was the same as this Fauchelevent in flesh and blood, sitting so gravely beside Cosette.",10.241
01619,wavs/01619.wav,"They treated the government with contempt, says a secret report of that time.",4.596
01620,wavs/01620.wav,"She sets out, with her daughter and two boys, for a Tour in Wales to-morrow morning.",5.595
01621,wavs/01621.wav,Ned Land was perfectly right.,1.907
01622,wavs/01622.wav,"I like thee well, And will employ thee in some service presently.",4.635
01623,wavs/01623.wav,"In four days I have spent only twenty-five sous, which I earned by helping unload some wagons at Grasse.",7.372
01624,wavs/01624.wav,I remember one Shrove-Tuesday when she went to bed at eight o'clock.,3.989
01625,wavs/01625.wav,"And I think when a girl is so young as Miss Brooke is, her friends ought to interfere a little to hinder her from doing anything foolish.",8.229
01626,wavs/01626.wav,I could do very well without it.,1.989
01627,wavs/01627.wav,"His air, his coat, his horse.",2.689
01628,wavs/01628.wav,My arms have mutinied against me--brutes!,3.213
01629,wavs/01629.wav,"He had been forced over to the Catharpin Road, crossing the Po at Corbin's and again at Wooden Bridge.",6.545
01630,wavs/01630.wav,Clare had touched the right string.,2.077
01631,wavs/01631.wav,I would also enjoin the same action on the part of division commanders when other parts of their corps are engaged.,6.84
01632,wavs/01632.wav,It seemed a long while to us all-the three days of his absence-and often did little Cathy ask when he would be home.,7.398
01633,wavs/01633.wav,"When it is perceived, from the slackening of their fire, that they have no more powder and ball, the assault is made.",7.686
01634,wavs/01634.wav,Crawford and the beauty of the weather would soon have been knocked up now.,3.988
01635,wavs/01635.wav,"And as to you, Catherine, I have a mind to speak a few words now, while we are at it.",6.159
01636,wavs/01636.wav,Some exquisite Greuzes-one or two Dutch pictures which the old boy kept in the cellars.,5.611
01637,wavs/01637.wav,But the fine and delicate fluid extracted from his jaws is exceedingly valuable.,5.543
01638,wavs/01638.wav,"Why, he didn't only look like he was dead, he looked considerable more than that.",5.298
01639,wavs/01639.wav,"He was dressed like a toff, and he had a black beard, cut square at the end, and a pale face.",6.987
01640,wavs/01640.wav,He sat on his elevation-the pedestal of the cannon-still agitated as before by the thought of the Emperor and by his love for him.,8.366
01641,wavs/01641.wav,"All day she haunted the room, jealous of any other nurse, and prouder of being chosen then than of any honor her life ever brought her.",8.707
01642,wavs/01642.wav,"Since many messages go through a number of systems on their way to you, you will often get messages with headers that seem to go on forever.",8.646
01643,wavs/01643.wav,I absented myself as much as was in my power.,3.307
01644,wavs/01644.wav,"Shabby fellows, both of them!",2.203
01645,wavs/01645.wav,She heard the sound of quick footsteps in the quiet street.,3.531
01646,wavs/01646.wav,"Over him hung a form which I cannot find words to describe-gigantic in stature, yet uncouth and distorted in its proportions.",9.082
01647,wavs/01647.wav,"Then my brain grew calmer, my imagination wandered into vague unconsciousness, and I soon fell into a deep sleep.",8.394
01648,wavs/01648.wav,The bare twigs in the garden were hung with transparent drops which fell on the freshly fallen leaves.,6.3
01649,wavs/01649.wav,"Smith was in it, with whom Marianne had not the smallest acquaintance.",4.451
01650,wavs/01650.wav,In a corner of the room was something neatly covered up with a large white cloth.,4.511
01651,wavs/01651.wav,Of course I approved heartily.,1.995
01652,wavs/01652.wav,Was there no injustice in this?,2.065
01653,wavs/01653.wav,This class of guests and members sat in certain habitual places and met in certain habitual groups.,6.504
01654,wavs/01654.wav,Jean Valjean risked a glance round the corner of the street.,3.733
01655,wavs/01655.wav,"A few tall trees shaded it, and round bushes with wax-like flowers mobbed their heads together in a row.",7.262
01656,wavs/01656.wav,I'll swear it on a Bible.,1.673
01657,wavs/01657.wav,"I fetched the shore a half a mile above the village, and then went scooting along the bluff bank in the easy water.",7.27
01658,wavs/01658.wav,Results so obtained could not be correctly calculated.,3.475
01659,wavs/01659.wav,The trail swerved to the left following the base of the cliffs.,3.688
01660,wavs/01660.wav,"For, of course my being disabled could now be no longer kept out of view.",5.367
01661,wavs/01661.wav,"I tell you she saved that baby's life, for it would have been too late by the time I got there.",6.256
01662,wavs/01662.wav,Dog in the manger.,1.309
01663,wavs/01663.wav,"And in spite of all this it is the highest class, respected by everyone.",5.092
01664,wavs/01664.wav,But I am of course aware that next day the pilgrims buried something in a muddy hole.,5.231
01665,wavs/01665.wav,"I found my terror gradually lessened, but my hatred and contempt seemed to increase.",5.609
01666,wavs/01666.wav,I live in the water.,1.341
01667,wavs/01667.wav,Again she watched his figure pass in and out of the strips of moonlight as he walked away.,5.201
01668,wavs/01668.wav,For this reason many of the thrilling adventures which he must have had will forever remain unrevealed.,6.012
01669,wavs/01669.wav,These were impatient individuals who broke away and hastened ahead.,4.027
01670,wavs/01670.wav,"In battle I am always the first to bring a man down with my arrow, no matter how many more are taking aim at him alongside of me.",8.792
01671,wavs/01671.wav,"If you wish to go out, you will be obliged to pierce your wall.",3.938
01672,wavs/01672.wav,"A salary, with all my heart.",2.081
01673,wavs/01673.wav,"His Lord knows where he lies, and will raise him up, immortal, to appear with him when he shall appear in his glory.",7.839
01674,wavs/01674.wav,"Do justice to his meaning, however I may confuse it.",3.64
01675,wavs/01675.wav,"Now, what is your opinion, sir?",2.805
01676,wavs/01676.wav,Prince Andrew said that for that work an education in jurisprudence was needed which he did not possess.,6.247
01677,wavs/01677.wav,"Collins's addresses, by engaging them towards herself.",4.036
01678,wavs/01678.wav,"He was now become, to them, the most balefully interesting object they had ever looked upon, and they could not take their fascinated eyes from his face.",9.855
01679,wavs/01679.wav,"One afternoon, a month later, Dorian Gray was reclining in a luxurious arm-chair, in the little library of Lord Henry's house in Mayfair.",9.555
01680,wavs/01680.wav,"Elizabeth, immediately recognizing the livery, guessed what it meant, and imparted no small degree of surprise to her relations, by acquainting them with the honour which she expected.",11.967
01681,wavs/01681.wav,"She was a limpet, with the sensitive side of her stuck to a rock, for ever dead to the rush of fresh and beautiful things past her.",8.083
01682,wavs/01682.wav,"He was greatly interested to hear that I knew Steerforth, and spoke of him with such warmth that I made him tell Agnes what he thought of him.",8.364
01683,wavs/01683.wav,March was to take Elizabeth to Hunsford.,2.673
01684,wavs/01684.wav,Queequeg in His Coffin.,1.513
01685,wavs/01685.wav,A band of satchelled schoolboys crossed from Richmond street.,3.986
01686,wavs/01686.wav,"I remembered that strangers who arrive at a place where they have no friends, and who want employment, sometimes apply to the clergyman for introduction and aid.",10.496
01687,wavs/01687.wav,Jondrette was pacing up and down the garret with long strides.,4.022
01688,wavs/01688.wav,They spread it on their dry bread.,2.032
01689,wavs/01689.wav,Nothing in the world more subtle than the process of their gradual change!,4.358
01690,wavs/01690.wav,"Under such conditions shipwrecks were, and must have been, numerous.",4.995
01691,wavs/01691.wav,"And suddenly there's a headsman in a red cloak and a red mask, and the ax swings and falls.",5.998
01692,wavs/01692.wav,"And, woman, though dressed in silk and jewels, you are but a woman, and, in life's great straits and mighty griefs, ye feel but one sorrow!",10.46
01693,wavs/01693.wav,"Marius, petrified and incapable of uttering a syllable, made a sign with his head that he did not.",6.597
01694,wavs/01694.wav,"Do you think I do not know where his head comes to in the cabinet door, where I saw him every morning of my life?",7.251
01695,wavs/01695.wav,"This answered a very good purpose as forage, and the rice grain was an addition to the soldier's rations.",6.939
01696,wavs/01696.wav,"We heard the hound on the moor, so I can swear that it is not all empty superstition.",5.522
01697,wavs/01697.wav,As Alfred started up the steps he met Lydia Boggs.,3.538
01698,wavs/01698.wav,She wants to show them how a daughter of Louisiana can perish before her conquerors.,5.193
01699,wavs/01699.wav,"As the silence became painful I concluded to hazard a little conversation on my own part, as I had guessed that he was making overtures of peace.",9.108
01700,wavs/01700.wav,"And a very handsome sum of money too, I think.",3.413
01701,wavs/01701.wav,"Emma waited the result with impatience, but not without strong hopes.",4.583
01702,wavs/01702.wav,"It is a faint intimation, yet so are the first streaks of morning.",4.158
01703,wavs/01703.wav,"And as for men, towards them as naturally partakers of the same reason, my care is to carry myself sociably.",8.192
01704,wavs/01704.wav,"But the spare room was out of the question for such a stray waif, so there remained only the east gable room.",6.846
01705,wavs/01705.wav,"With a strong prejudice against everything he might say, she began his account of what had happened at Netherfield.",7.277
01706,wavs/01706.wav,He lifted his feet up from the suck and turned back by the mole of boulders.,4.446
01707,wavs/01707.wav,You would have thrown yourself out of all good society.,3.47
01708,wavs/01708.wav,"This, then, will be the first great defect of oligarchy?",4.579
01709,wavs/01709.wav,He's brought you back.,1.392
01710,wavs/01710.wav,His upright carriage suggested the idea of his having been in the army.,4.421
01711,wavs/01711.wav,"Then rising, he suddenly went up to his daughter.",3.359
01712,wavs/01712.wav,"The people were scattered about in couples or parties of four, and either they were actually better acquainted, or the informal room made their manners easier.",9.629
01713,wavs/01713.wav,I was married onct.,1.339
01714,wavs/01714.wav,Others find a great consolation in suddenly discovering the good qualities of their husbands.,5.954
01715,wavs/01715.wav,"I freely forgive you, and I hope you'll curb your passions in future.",4.175
01716,wavs/01716.wav,You have killed yourself.,1.5
01717,wavs/01717.wav,It is called Saint-Loup.,1.56
01718,wavs/01718.wav,"It's providential that I practiced those recitations so often up in the garret, or I'd never have been able to get through.",7.661
01719,wavs/01719.wav,"Or when they are on a voyage, amid the perils of the sea?",3.682
01720,wavs/01720.wav,"There was a low jingle, a glint of yellow metal, a sway of fringed draperies, and she stopped as if her heart had failed her.",8.48
01721,wavs/01721.wav,"Not sick, I hope.",1.633
01722,wavs/01722.wav,Then she dived down again like a sea-gull and vanished beneath the dark blue waters.,5.604
01723,wavs/01723.wav,There is not one of my readers who has yet lived a whole human life.,4.183
01724,wavs/01724.wav,Old fellow asleep near that confessionbox.,3.05
01725,wavs/01725.wav,A little behind the guns stood infantry.,2.436
01726,wavs/01726.wav,"As my sickness quitted me, I was absorbed by a gloomy and black melancholy that nothing could dissipate.",6.87
01727,wavs/01727.wav,"I don't mind telling you the story, but I can't argue.",3.82
01728,wavs/01728.wav,It was delightful to rattle along over the moist roads in the early red sunlight that was creeping across the shorn harvest fields.,8.28
01729,wavs/01729.wav,And that money-winning business is really a blot.,2.829
01730,wavs/01730.wav,"March sighed, and Jo looked up with an air of relief.",3.559
01731,wavs/01731.wav,Han't you show'd us the game?,1.586
01732,wavs/01732.wav,It was the best time of the year for the chase.,2.766
01733,wavs/01733.wav,"There, it seemed to me, I had the best chance of learning what the Martians and my fellowmen were doing.",6.605
01734,wavs/01734.wav,"At the physician's orders, a camp bed had been prepared beside the sofa.",4.812
01735,wavs/01735.wav,"As it is, some go three days without eating.",3.292
01736,wavs/01736.wav,But I have lifted my hand and let it fall.,2.278
01737,wavs/01737.wav,"There was a talk of two or three minutes, and he returned alone.",4.083
01738,wavs/01738.wav,The atmosphere was streaked with vivid lightning.,2.831
01739,wavs/01739.wav,"When I heard these words, a light began to fall upon the figure I had seen following them, some hours ago.",7.056
01740,wavs/01740.wav,The footprints of an Indian toe inward.,2.448
01741,wavs/01741.wav,The body was wrapped in blankets and robes and bound around and around with parfleche ropes.,5.768
01742,wavs/01742.wav,What are you going to name them?,1.615
01743,wavs/01743.wav,"Miss Ophelia sat down, and pulled out her knitting-work, and sat there grim with indignation.",6.157
01744,wavs/01744.wav,Can you not carry your meat and your liquor decently?,2.935
01745,wavs/01745.wav,"You will have my sketches, some time or other, to look at-or my tour to read-or my poem.",6.346
01746,wavs/01746.wav,We shall be the grasshoppers of the stars.,2.818
01747,wavs/01747.wav,I feared it must be so.,1.992
01748,wavs/01748.wav,"One of the brothers raced him half the length of the slope, and then the other coming out headed him off down toward the forest.",7.406
01749,wavs/01749.wav,To say nothing of the fact that she is my ward.,3.07
01750,wavs/01750.wav,The whistling sound of the runners on the snow and the voices of girls shrieking were heard from different sides.,6.526
01751,wavs/01751.wav,What interest could he have in persecuting the Baskerville family?,3.767
01752,wavs/01752.wav,"Yes, I said, there is a great deal more.",3.406
01753,wavs/01753.wav,Fair Tyrants by James Lovebirch.,2.784
01754,wavs/01754.wav,S'pose something happened and Injun Joe didn't hang?,3.525
01755,wavs/01755.wav,"She put her arm within his, and they turned by the row of nut-trees.",4.639
01756,wavs/01756.wav,What endemic characteristics were present?,2.658
01757,wavs/01757.wav,"In this kind of dress I went my new journey, and was out five or six days.",5.291
01758,wavs/01758.wav,Do you hear the clank of the muskets?,2.184
01759,wavs/01759.wav,"Miserable! yet for thy errors, vanities, sins, I will not now rebuke thee, Thy unexampled woes and pangs have quell'd them all, And left thee sacred.",12.316
01760,wavs/01760.wav,"This visitation worn't for nowt, and I wod hev' ye to look out, Miss-yah muh be t' next.",6.281
01761,wavs/01761.wav,"I was very glad to see her too, and, after an affectionate greeting on both sides, sat down on the small sofa near her.",8.771
01762,wavs/01762.wav,"I should live at ease, I should die with dignity, why, it is charming, perfectly charming!",6.612
01763,wavs/01763.wav,Their result is absolutely nil.,2.369
01764,wavs/01764.wav,It was quite evident that at that rate we should never come up with it.,3.879
01765,wavs/01765.wav,From before the ages He willed me and now may not will me away or ever.,4.437
01766,wavs/01766.wav,"Suddenly the angry, squirrel-like expression of the princess' pretty face changed into a winning and piteous look of fear.",7.524
01767,wavs/01767.wav,The landlord's analogical argument was not well received by the farrier-a man intensely opposed to compromise.,7.14
01768,wavs/01768.wav,But he immediately recalled his promise to Prince Andrew not to go there.,4.3
01769,wavs/01769.wav,"But be in love gayly then, what the deuce! marry, when you marry, with fever and giddiness, and tumult, and the uproar of happiness!",10.187
01770,wavs/01770.wav,For days he had neither eaten nor slept.,2.597
01771,wavs/01771.wav,"His men were in confusion, and his personal efforts failed to restore order.",4.931
01772,wavs/01772.wav,Then we must get out oars and row.,2.295
01773,wavs/01773.wav,"And as for the money part, Ned will arrange that for you.",3.588
01774,wavs/01774.wav,"Well, remember that it is not my fault, if we set all the old ladies in Bath in a bustle.",6.094
01775,wavs/01775.wav,All the good work which has been done by Sir Charles will crash to the ground if there is no tenant of the Hall.,6.763
01776,wavs/01776.wav,To wait until the emergency is to be too late.,2.975
01777,wavs/01777.wav,"I walked about the hill among them and avoided them, looking for some trace of Weena.",5.085
01778,wavs/01778.wav,One can imagine what confusion and obscurity would result from such an account of the duel.,5.854
01779,wavs/01779.wav,I like to find out people for myself.,2.624
01780,wavs/01780.wav,"She has quite nice eyes and hair, only, of course, she'll get funny too.",5.853
01781,wavs/01781.wav,There is something even awful in the nearness it brings.,3.13
01782,wavs/01782.wav,"The worthy fruit-seller had plied her with a hundred questions, without obtaining any other reply than a melancholy and unvarying gaze.",8.846
01783,wavs/01783.wav,Damon went out with Tom and Ned to one of the shops to look at a new model aeroplane the young inventor had designed.,6.924
01784,wavs/01784.wav,"They would have had to retire of their own accord, for they had no water for men or horses.",5.872
01785,wavs/01785.wav,"Walton, by virtue of its unburned pine woods, seemed the least hurt of any place along the line.",6.953
01786,wavs/01786.wav,My plans were already formed.,1.983
01787,wavs/01787.wav,"He could not be accountable for his children's want of spirits, or for her want of enjoyment in his company.",6.685
01788,wavs/01788.wav,That's what I am going for.,1.618
01789,wavs/01789.wav,"Linton, who was very much excited, bade me accompany her upstairs.",4.962
01790,wavs/01790.wav,"Napoleon did not give his Guards, not because he did not want to, but because it could not be done.",7.048
01791,wavs/01791.wav,I never saw anything so charming!,2.135
01792,wavs/01792.wav,"But something occurred to him, and he lingered considering.",3.63
01793,wavs/01793.wav,She had hardly ever been in a state so nearly approaching high spirits in her life.,5.07
01794,wavs/01794.wav,"He had for some time devoted himself to the newspaper, and had then purchased a book from the newsboy who perambulated the cars.",8.045
01795,wavs/01795.wav,"The court, in the inside, had evidently been arranged to gratify a picturesque and voluptuous ideality.",7.256
01796,wavs/01796.wav,"And what are they doing, all these courtiers?",2.941
01797,wavs/01797.wav,The mother played her accompaniments and at the same time watched her daughter with greedy admiration and nervous apprehension.,7.548
01798,wavs/01798.wav,"When a species has once disappeared from the face of the earth, we have reason to believe that the same identical form never reappears.",8.866
01799,wavs/01799.wav,"He was sitting in his bedroom, one leg over the arm of the chair, and Hirst was writing a letter opposite.",6.393
01800,wavs/01800.wav,Angel is the only word in the language which cannot be worn out.,4.194
01801,wavs/01801.wav,"Elizabeth felt that they had entirely mistaken his character, but said nothing.",5.552
01802,wavs/01802.wav,"The half of August, the whole of September, and the half of October-rainy, the sun being then come back.",7.153
01803,wavs/01803.wav,Zeke ran to Hare and laid him back against the stone.,3.199
01804,wavs/01804.wav,Then the next one.,1.352
01805,wavs/01805.wav,Wrench's enmity towards Lydgate more definite personal ground.,4.03
01806,wavs/01806.wav,"He made his way by sea to Naples, and back, after hearing the narrative to which Miss Dartle had assisted me.",6.956
01807,wavs/01807.wav,"He spread the pictures before him, and again surveyed them alternately.",4.443
01808,wavs/01808.wav,One needs to see the drawings of these appearances in order to appreciate fully their remarkable resemblance in character.,7.253
01809,wavs/01809.wav,"His expectation at that time was, to make this movement as soon as he could get up his supplies.",6.621
01810,wavs/01810.wav,Who but Henry could have been aware of what his father was at?,3.467
01811,wavs/01811.wav,To-morrow! to leave Portsmouth to-morrow!,3.168
01812,wavs/01812.wav,"Read the Scriptures, but without proper feeling.",3.254
01813,wavs/01813.wav,This makes heaps in my room.,1.811
01814,wavs/01814.wav,"Walters' voice, and the conclusion of the speech was received with a burst of silent gratitude.",6.017
01815,wavs/01815.wav,"Prayed to God, for the first time since the storm off Hull, but scarce knew what I said, or why, my thoughts being all confused.",9.502
01816,wavs/01816.wav,"The conversation was resumed, and no longer in the unpleasantly hostile tone of Nicholas' last remark.",6.997
01817,wavs/01817.wav,And from the different ranks some twenty men ran to the front.,3.481
01818,wavs/01818.wav,"At last the tyrant cried, 'She hungers, slave!",3.8
01819,wavs/01819.wav,"If you must be cross with anyone, be cross with me.",3.595
01820,wavs/01820.wav,Hold your rod steady and keep the line taut.,3.044
01821,wavs/01821.wav,"Did she know how much he cared for her-had she said anything, asked perhaps?",4.87
01822,wavs/01822.wav,"What old women call the horrors, have been creeping over me from head to foot.",4.943
01823,wavs/01823.wav,He was happy to be seeing him.,2.034
01824,wavs/01824.wav,My mother often talks of your good-nature.,2.603
01825,wavs/01825.wav,Clare really has talked to me as if keeping Mammy from her husband was like keeping me from mine.,5.928
01826,wavs/01826.wav,"They did not seem to be in a hurry, yet they walked faster than I did.",4.329
01827,wavs/01827.wav,"Fearing Unktomi and his large family, they at once commenced to fight and Pounded Meat was soon killed.",6.795
01828,wavs/01828.wav,"There is snuff too--sell it at Hamburg, tobaccos are worth half as much again at Hamburg.",6.026
01829,wavs/01829.wav,"Jennie looked at the wall in amazement, but I told her merrily that I did it out of pure spite at the vicious thing.",7.161
01830,wavs/01830.wav,"But why, on the theory of creation, they should not have been created there, it would be very difficult to explain.",7.408
01831,wavs/01831.wav,"Then they pulled his daughter away from him, screaming and crying, and took her off.",5.83
01832,wavs/01832.wav,Now here is the babyish trash.,2.387
01833,wavs/01833.wav,"Gob, he near burnt his fingers with the butt of his old cigar.",4.181
01834,wavs/01834.wav,"Yet, a doubt lurks in my mind, Miss Pross, whether it is good for Doctor Manette to have that suppression always shut up within him.",9.18
01835,wavs/01835.wav,"Her distress returned, however, on perceiving smiles and intelligent glances pass between two or three of the lady visitors, as if they believed themselves quite in the secret.",12.051
01836,wavs/01836.wav,Can't bury in the air however.,1.825
01837,wavs/01837.wav,"She rose on seeing us enter, and when we were left alone with her, she threw herself at the feet of Elizabeth, weeping bitterly.",8.214
01838,wavs/01838.wav,"She gave her hand for a moment, and then they went to sit down near the window, she on one settee and he on another opposite.",7.912
01839,wavs/01839.wav,Of which there is now left next to no remembrance.,3.452
01840,wavs/01840.wav,Bad French I got for my pains.,2.648
01841,wavs/01841.wav,You must now come downstairs with me.,2.611
01842,wavs/01842.wav,All that would arise out of his ignorance of the true upper and middle and lower regions?,5.206
01843,wavs/01843.wav,"The next day, the twenty-first of March, at five in the morning, I mounted the platform.",6.32
01844,wavs/01844.wav,On a gray but dry November morning Dorothea drove to Lowick in company with her uncle and Celia.,6.371
01845,wavs/01845.wav,He bit off a soft piece hungrily.,2.175
01846,wavs/01846.wav,I often told poor Paddy he ought to mind that job.,3.771
01847,wavs/01847.wav,"It is the strangest yellow, that wallpaper!",2.89
01848,wavs/01848.wav,The redlabelled bottle on the table.,2.111
01849,wavs/01849.wav,The thickness of the layer of bodies was proportioned to the depth of the hollow road.,4.927
01850,wavs/01850.wav,Edgar by acquainting him with the turn Heathcliff's humour has taken.,4.126
01851,wavs/01851.wav,Special thanks go to my loving wife Nancy.,3.19
01852,wavs/01852.wav,"My dear Hill, have you heard the good news?",2.803
01853,wavs/01853.wav,"Rachel could not see them from her window vantage, and up the hill and into the long lane of Green Gables.",6.661
01854,wavs/01854.wav,"He talked of what he was interested in, or else he was silent and bowed with sad civility.",6.121
01855,wavs/01855.wav,Ay me! five Methinks that I shall never sleep again.,4.465
01856,wavs/01856.wav,"Quieter and less timid than their cousins of the north, they did not, like them, place sentinels round the outskirts of their encampment.",9.061
01857,wavs/01857.wav,"Nay, there seemed to be two or more shouts raised together,-if one might judge from a confusion in the sound.",7.514
01858,wavs/01858.wav,Wopsle on the walk home.,1.68
01859,wavs/01859.wav,For some years the organisation flourished in spite of the efforts of the United States government and of the better classes of the community in the South.,8.833
01860,wavs/01860.wav,There was no mistaking her sincerity--it breathed in every tone of her voice.,5.115
01861,wavs/01861.wav,A government messenger had brought it post-haste.,2.998
01862,wavs/01862.wav,But can any of these reasons apply to God?,3.002
01863,wavs/01863.wav,"Then for an hour it was deadly dull, and I was fidgety.",3.969
01864,wavs/01864.wav,Then she will know that her wish will be fulfilled.,2.954
01865,wavs/01865.wav,"Later he was attacked, and again the enemy was repulsed.",3.758
01866,wavs/01866.wav,And it is rather long to tell.,2.08
01867,wavs/01867.wav,"Our infantry were stationed there, and at the farthest point the dragoons.",4.876
01868,wavs/01868.wav,He was coming round a narrow corner.,2.178
01869,wavs/01869.wav,How could the commanders lead their troops to a field of battle they considered impossible to hold?,5.876
01870,wavs/01870.wav,"He had done nothing exceptional in marrying-nothing but what society sanctions, and considers an occasion for wreaths and bouquets.",8.501
01871,wavs/01871.wav,"I made friends with no one and positively avoided talking, and buried myself more and more in my hole.",7.045
01872,wavs/01872.wav,The staff officer remained behind and Prince Andrew rode on alone.,4.16
01873,wavs/01873.wav,Was I free again or a prisoner?,2.103
01874,wavs/01874.wav,"He hesitated for a moment, and then put it aside.",3.379
01875,wavs/01875.wav,We'll keep a horse for that.,1.584
01876,wavs/01876.wav,"We'll drink to-night with hearts as light, To love, as gay and fleeting As bubbles that swim, on the beaker's brim, And break on the lips while meeting.",10.47
01877,wavs/01877.wav,"Next to us is not the workman whom we have hired, with whom we love so well to talk, but the workman whose work we are.",8.075
01878,wavs/01878.wav,"She said Myeerah's heroism in saving him should atone for all the past, and that Isaac's family would welcome her in his home.",7.426
01879,wavs/01879.wav,About this time an incident happened which seemed to open a possibility of some fellowship with his neighbours.,6.624
01880,wavs/01880.wav,"Were she a woman of fortune, I would leave every harmless absurdity to take its chance, I would not quarrel with you for any liberties of manner.",9.221
01881,wavs/01881.wav,It rested upon a solid foundation of brick.,2.932
01882,wavs/01882.wav,Soon encountering the rebel cavalry he met with a very stout resistance.,4.779
01883,wavs/01883.wav,"The degree of sterility does not strictly follow systematic affinity, but is governed by several curious and complex laws.",8.503
01884,wavs/01884.wav,I am confident he wants strength of purpose.,2.806
01885,wavs/01885.wav,But how to get to him in safety?,1.98
01886,wavs/01886.wav,"I cannot aid with my wringing fingers, I can but rush to the surf and let it drench me and freeze upon me.",6.956
01887,wavs/01887.wav,"He seemed to bear a charmed life, for not a bullet had so much as scratched him.",5.011
01888,wavs/01888.wav,"In one thousand, eight hundred and eleven the group of people that had formed in France unites into one group with the peoples of Central Europe.",8.479
01889,wavs/01889.wav,"The curious thing is the haughty, superior, and compassionate airs which this groping philosophy assumes towards the philosophy which beholds God.",10.039
01890,wavs/01890.wav,"Now hold your shoulder straight, and take short steps, and don't shake hands if you are introduced to anyone.",7.133
01891,wavs/01891.wav,"Angel's address you never had, I understand.",3.212
01892,wavs/01892.wav,Must be curious to hear after their own strong basses.,3.412
01893,wavs/01893.wav,It grows as steadily as the rill oozes out of the ground.,3.453
01894,wavs/01894.wav,Jimmy Henry made a grimace and lifted his left foot.,3.146
01895,wavs/01895.wav,And all made ready for that battle.,2.226
01896,wavs/01896.wav,"And had I had an idea of it, nothing should have induced me to accept the necklace.",5.001
01897,wavs/01897.wav,"By this fluctuation the pond asserts its title to a shore, and thus the shore is shorn, and the trees cannot hold it by right of possession.",9.259
01898,wavs/01898.wav,"Rochester, they made their exit at the hall door.",3.497
01899,wavs/01899.wav,"That day he dined with the marshal, at the same board on the barrels.",4.34
01900,wavs/01900.wav,I am quite ready for more.,1.733
01901,wavs/01901.wav,"But as she was so far to windward, and shooting by, apparently making a passage to some other ground, the Pequod could not hope to reach her.",9.735
01902,wavs/01902.wav,"So they went alone, she and Arobin.",2.603
01903,wavs/01903.wav,"Collins came up to them, and told her with great exultation, that he had just been so fortunate as to make a most important discovery.",9.096
01904,wavs/01904.wav,I think they are ridiculous-looking things anyhow.,3.288
01905,wavs/01905.wav,"He had great confidence in my opinion, and what did I think?",4.244
01906,wavs/01906.wav,"Flushing, and proceeded to undo her paint-box.",3.424
01907,wavs/01907.wav,"The sky-born, high-tide Ganges turned to wind!",3.728
01908,wavs/01908.wav,"Throwing his arm over Betty's pony, Wetzel apparently watched the shooters.",4.967
01909,wavs/01909.wav,"Speech being a breath, the rustling of intelligences resembles the rustling of leaves.",5.444
01910,wavs/01910.wav,"Two cupfuls new milk, two cupfuls Indian meal, one and one-half cupfuls flour, two-thirds cupful New Orleans molasses, one scant teaspoon soda.",10.976
01911,wavs/01911.wav,"I wish I could believe that he had come to such a really romantic end as you suggest, but I can't.",6.216
01912,wavs/01912.wav,"He also reported his troops fagged, and that it was necessary to equip up.",5.143
01913,wavs/01913.wav,It is the cross I have to bear.,2.119
01914,wavs/01914.wav,And I for suchlike petty crimes as these.,2.823
01915,wavs/01915.wav,"Crawford meant to be in town by his uncle's accustomary late dinner-hour, and William was invited to dine with him at the Admiral's.",8.359
01916,wavs/01916.wav,"Oh, take her to Julia Mills, and go away, please!",4.33
01917,wavs/01917.wav,"I recall My thoughts, and bid you look upon the night.",3.596
01918,wavs/01918.wav,"Conseil could not believe his eyes, and questioned me as to the cause of this strange phenomenon.",5.8
01919,wavs/01919.wav,"It was almost as exciting as riding a fast horse, when we went rushing on so grandly.",6.078
01920,wavs/01920.wav,"All sorts of reveries reached him from space, and mingled with his thoughts.",5.027
01921,wavs/01921.wav,"I understand your meaning, he said, and assent.",3.224
01922,wavs/01922.wav,I'd as soon die as not.,1.846
01923,wavs/01923.wav,"The State is not one but many, like a bazaar at which you can buy anything.",4.868
01924,wavs/01924.wav,Mr Dedalus bent across to salute.,2.54
01925,wavs/01925.wav,Was it unintentionally that your cannon balls rebounded off the plating of my vessel?,5.185
01926,wavs/01926.wav,"I beg your pardon, sir.",2.137
01927,wavs/01927.wav,"Strong glide in, pale and trembling.",2.785
01928,wavs/01928.wav,Clare distributed small pieces of change among them.,3.378
01929,wavs/01929.wav,"Alas, vanity and cowardice everywhere.",3.195
01930,wavs/01930.wav,"Over at Blunderstone it was, of course.",3.014
01931,wavs/01931.wav,"Hence, the struggle for the production of new and modified descendants, will mainly lie between the larger groups, which are all trying to increase in number.",10.502
01932,wavs/01932.wav,I liked her better in the Desert of Sahara.,2.648
01933,wavs/01933.wav,"Judge Barton, I believe, is searching for some clues.",4.122
01934,wavs/01934.wav,"To-day I studied from the ninth hour of the night to the second hour of day, after taking food.",6.008
01935,wavs/01935.wav,"Soon Djeddah was shut out from view by the shadows of night, and the Nautilus found herself under water slightly phosphorescent.",7.733
01936,wavs/01936.wav,"It seemed as if her spirit were quite altered, and she could not be too quiet.",4.741
01937,wavs/01937.wav,"Casaubon had a sensitiveness to match Dorothea's, and an equal quickness to imagine more than the fact.",7.193
01938,wavs/01938.wav,It was musical and true.,1.787
01939,wavs/01939.wav,"My soul's youth I gave him, night by night.",2.957
01940,wavs/01940.wav,"As I have said, the whole South was a military camp.",3.759
01941,wavs/01941.wav,It was little Gavroche on his way to the wars.,2.956
01942,wavs/01942.wav,The exterior slope presented an inclined plane to the attack.,3.943
01943,wavs/01943.wav,"Somewhere, outside the barrier, there is a trap harnessed to two very good horses.",5.892
01944,wavs/01944.wav,"The slave-dealer collects his gang in Virginia or Kentucky, and drives them to some convenient, healthy place,-often a watering place,-to be fattened.",10.099
01945,wavs/01945.wav,"Frowning and rising quickly, he went up to Wolzogen.",3.502
01946,wavs/01946.wav,A man in strange attire appeared at the door.,2.935
01947,wavs/01947.wav,But I confess they would have no charms for me.,3.05
01948,wavs/01948.wav,"Blessed are the poor in spirit, for theirs is the kingdom of heaven.",4.079
01949,wavs/01949.wav,It would seem they were regarding this new antagonist with astonishment.,4.202
01950,wavs/01950.wav,"Then, what submission, what cringing and fawning, what servility, what abject humiliation!",6.918
01951,wavs/01951.wav,"Why, it may be asked, has the supposed creative force produced bats and no other mammals on remote islands?",7.651
01952,wavs/01952.wav,Couldn't you make it twenty minutes?,1.864
01953,wavs/01953.wav,"Hey, by jingo, there's the young Squire leading off now, wi' Miss Nancy for partners!",6.903
01954,wavs/01954.wav,We do not know.,1.16
01955,wavs/01955.wav,How do you call the man?,1.521
01956,wavs/01956.wav,Garth's under the eyes of Mary.,2.199
01957,wavs/01957.wav,"After what has happened, and after his recovery, I find it difficult to imagine any such violent sounding of that string again.",8.961
01958,wavs/01958.wav,It is only to be wished they were as well executed.,3.139
01959,wavs/01959.wav,"I thought I saw Elizabeth, in the bloom of health, walking in the streets of Ingolstadt.",6.179
01960,wavs/01960.wav,But the deception could not be kept up forever.,2.86
01961,wavs/01961.wav,"James was in excellent spirits, and Isabella most engagingly placid.",5.334
01962,wavs/01962.wav,Her gloves were greyish and were worn through at the right forefinger.,4.146
01963,wavs/01963.wav,The Republic goes before all.,1.734
01964,wavs/01964.wav,Snap plunged upon his face.,2.135
01965,wavs/01965.wav,"There was things which he stretched, but mainly he told the truth.",4.042
01966,wavs/01966.wav,"Destiny suddenly united and wedded with its irresistible power these two uprooted existences, differing in age, alike in sorrow.",8.93
01967,wavs/01967.wav,"Eliza laid the weary boy upon it, and held his hands in hers till he was fast asleep.",5.626
01968,wavs/01968.wav,"Yes! steam mills are better, no doubt, and mechanics' institutes and penny newspapers.",7.098
01969,wavs/01969.wav,There is no one here to see.,1.746
01970,wavs/01970.wav,"For now, let's assume that's the case.",2.736
01971,wavs/01971.wav,She carries years' water in her.,2.283
01972,wavs/01972.wav,What business have I with this pipe?,1.905
01973,wavs/01973.wav,"But I felt that the kiss was given to the coarse common boy as a piece of money might have been, and that it was worth nothing.",7.602
01974,wavs/01974.wav,"Xury said, if I would let him go on shore with one of the jars, he would find if there was any water, and bring some to me.",8.47
01975,wavs/01975.wav,Jean Valjean was pronounced guilty.,2.343
01976,wavs/01976.wav,"Jean Valjean, on his side, seemed to have but one thought.",4.115
01977,wavs/01977.wav,"It seemed to her that things must be so, and yet it was dreadfully sad.",4.731
01978,wavs/01978.wav,During the afternoon Sheridan sent Gregg's division of cavalry to Todd's Tavern in search of Wilson.,6.415
01979,wavs/01979.wav,Possibly I am the only one who thought of the liability of such a state of things in advance.,5.765
01980,wavs/01980.wav,"Maria's intelligence concluded with a tender effusion of pity for her sister Anne, whom she represented as insupportably cross, from being excluded the party.",10.888
01981,wavs/01981.wav,But the night sat lightly upon the sea and the land.,3.076
01982,wavs/01982.wav,Did I hinder you?,1.032
01983,wavs/01983.wav,Laughing and chattering like the idiot I was fast becoming I fell upon his prostrate form my fingers feeling for his dead throat.,8.07
01984,wavs/01984.wav,"At that moment Berg drew out his handkerchief as if to blow his nose and, seeing the knot in it, pondered, shaking his head sadly and significantly.",10.203
01985,wavs/01985.wav,I asked him how it came to pass they did not kill them and eat them.,4.213
01986,wavs/01986.wav,"But why, because the reproductive system is disturbed, this or that part should vary more or less, we are profoundly ignorant.",8.42
01987,wavs/01987.wav,"I know that you can do nothing that is not honest, that you have always been a man after the good God's heart.",6.794
01988,wavs/01988.wav,"Ladislaw-by Jove, I should!",2.485
01989,wavs/01989.wav,"Nor is it any more possible to describe the impression that remained upon my mind when I awaked, and found it was but a dream.",8.46
01990,wavs/01990.wav,"Frosts will soon set in, and in all probability with severity.",4.311
01991,wavs/01991.wav,"It is not bad-at first, and very gentle, but quite the subtlest, most enduring odor I ever met.",7.22
01992,wavs/01992.wav,"You may possibly have some idea, Miss Trotwood, of abetting him in his running away, and in his complaints to you.",8.15
01993,wavs/01993.wav,Something had passed from the world.,2.134
01994,wavs/01994.wav,Shelley afforded what alleviation he could.,2.478
01995,wavs/01995.wav,"Its object is, and its result must be, to dissolve wrath by the study of antagonisms.",6.83
01996,wavs/01996.wav,"Anon, slapping his sides with his arms, he would burst forth in peals of laughter, that made the old woods ring as they passed.",8.796
01997,wavs/01997.wav,"He proposed, therefore, to destroy the roads back to Chattanooga, when all ready to move, and leave the latter place garrisoned.",8.911
01998,wavs/01998.wav,"This triune structure, as much as anything else, imparts power to the tail.",5.638
01999,wavs/01999.wav,I could not have stood it.,1.623
02000,wavs/02000.wav,"S'pose he don't do nothing with it? ain't it there in his bed, for a clew, after he's gone? and don't you reckon they'll want clews?",9.937
02001,wavs/02001.wav,Never went back and the soap not paid.,2.545
02002,wavs/02002.wav,"I could merely see the outline, but his height told me that it was Barrymore.",5.189
02003,wavs/02003.wav,It is impossible to say what element of repentance had rendered this retreat wholesome.,5.05
02004,wavs/02004.wav,He gazed over Stephen's shoulder at Goldsmith's knobby poll.,4.038
02005,wavs/02005.wav,"He had seen the coachmen, and they both agreed with him in there being nothing to apprehend.",5.68
02006,wavs/02006.wav,He exercises himself in verse composition and on rhetorical themes.,4.94
02007,wavs/02007.wav,"I found, besides these chests, a little cask full of liquor, of about twenty gallons, which I got into my boat with much difficulty.",9.932
02008,wavs/02008.wav,"Jo told her adventures, and by the time she had finished they were at home.",5.021
02009,wavs/02009.wav,The sea was distinctly visible for a mile all round the Nautilus.,4.415
02010,wavs/02010.wav,He grew calmer telling me and trying to make me see the things he had seen.,4.667
02011,wavs/02011.wav,"At the moment when the hubbub of demons retreated, one would have said that a choir of angels was approaching through the gloom.",7.455
02012,wavs/02012.wav,I never see anything so disgusting.,2.648
02013,wavs/02013.wav,Don't give me away.,1.29
02014,wavs/02014.wav,"Promptly at ten o'clock on the morning of the twenty-fourth, his troops commenced to pass in review.",6.133
02015,wavs/02015.wav,"About this time the very troops whose coming I had predicted, had arrived or were coming in.",5.897
02016,wavs/02016.wav,"Collins arrived on Tuesday, addressed to their father, and written with all the solemnity of gratitude which a twelve-month's abode in the family might have prompted.",10.252
02017,wavs/02017.wav,"Long live Brutus, he has slain!",2.682
02018,wavs/02018.wav,The upper windows had each a spot of gold on them.,3.448
02019,wavs/02019.wav,"Lorry's attention, and show him where you stand.",3.204
02020,wavs/02020.wav,He wanted me to try some cigars that he strongly recommended.,3.858
02021,wavs/02021.wav,The hand which had clasped Betty's so closely loosened its hold.,4.23
02022,wavs/02022.wav,"He stretched out in a hammock under trees in the camp clearing, and with his friends waited for the possible return of Tolpec and the porters.",8.785
02023,wavs/02023.wav,Jean Valjean listened to her without hearing her.,2.93
02024,wavs/02024.wav,One group of savages formed a circle and danced hands-around a stump as gayly as a band of school-girls at a May party.,8.079
02025,wavs/02025.wav,After sunset the wind had dropped.,2.382
02026,wavs/02026.wav,"After constant indulgence of one's weak nature, and the other's bad one, I earn for thanks two samples of blind ingratitude, stupid to absurdity!",10.556
02027,wavs/02027.wav,He was doing something in the cellar-something which took many hours a day for months on end.,5.544
02028,wavs/02028.wav,"Lestrade went after his man, Stangerson, and it appears that he was wrong too.",5.779
02029,wavs/02029.wav,The number of killed and wounded was not large.,2.901
02030,wavs/02030.wav,I have no false pride.,1.713
02031,wavs/02031.wav,A prince is nothing in the presence of a principle.,2.929
02032,wavs/02032.wav,"At last the dishes were set on, and grace was said.",3.515
02033,wavs/02033.wav,An imperceptible smile played round her perfect lips as she turned to him calmly.,5.163
02034,wavs/02034.wav,Myriel was summoned by Napoleon to the synod of the bishops of France and Italy convened at Paris.,5.815
02035,wavs/02035.wav,"By the bye have you the book, the thing, the ashplant?",3.597
02036,wavs/02036.wav,Look into it more carefully!,1.759
02037,wavs/02037.wav,"In the pitchy blackness under the shelving cliff they picked their way cautiously, and turned a corner.",6.063
02038,wavs/02038.wav,"Crying its eyes out?-Giving a party to the last arrived harpooneers, I dare say, gay as a frigate's pennant, and so am I-fa, la! lirra, skirra!",12.862
02039,wavs/02039.wav,"The light was yet there, shining dim but constant through the rain.",4.349
02040,wavs/02040.wav,"She ran easily and not at all hurriedly, and was as cool as if there had not been an Indian within miles.",6.698
02041,wavs/02041.wav,"So, then, an elongated Siamese ligature united us.",4.584
02042,wavs/02042.wav,Fire Paris where these trecherous rebels lurke.,3.263
02043,wavs/02043.wav,Is there any one here who has stout loins and heart?,3.155
02044,wavs/02044.wav,You'll notice that the above addresses are all in lower-case.,3.562
02045,wavs/02045.wav,"Well now, look at that.",1.877
02046,wavs/02046.wav,They belonged to a small detachment of Confederate forces and were awaiting orders to march.,5.626
02047,wavs/02047.wav,"But the relentless Ghost pinioned him in both his arms, and forced him to observe what happened next.",6.465
02048,wavs/02048.wav,"Many people would accept the situation forced upon us, if only to move amongst such wonders.",6.524
02049,wavs/02049.wav,"One cup sponge, one cup warm water, one-fourth cup molasses, two tablespoons melted butter.",7.363
02050,wavs/02050.wav,"His chance for the Kellynch estate was something, but all the honour of the family he held as cheap as dirt.",6.782
02051,wavs/02051.wav,Barry beside him and a whole procession of little girls trailing after him.,4.774
02052,wavs/02052.wav,The deep dread Godfrey's look had created in Nancy made her feel these words a relief.,5.845
02053,wavs/02053.wav,"We'd also like to thank the folks at Apple, especially Steve Cisler of the Apple Library, for their support of our efforts to bring this guide to you.",9.967
02054,wavs/02054.wav,"Be careful, be very careful, not to wake his anger against yourself, for peace and happiness depend on keeping his respect.",8.878
02055,wavs/02055.wav,Her eyes were bloodshot and the saliva had gathered in a white foam on her black lips.,5.459
02056,wavs/02056.wav,"They told me no one was allowed over the canal, and, looking along the road towards the bridge, I saw one of the Cardigan men standing sentinel there.",10.2
02057,wavs/02057.wav,He held her hand.,1.115
02058,wavs/02058.wav,There was a constant understanding between him and Rosamond on these matters.,4.577
02059,wavs/02059.wav,I saw them together-I heard them together.,2.811
02060,wavs/02060.wav,Rivers-of the Rivers family-with great respect.,3.087
02061,wavs/02061.wav,By and by the rabbit returned.,1.939
02062,wavs/02062.wav,Your duty as a gentleman calls you back.,2.75
02063,wavs/02063.wav,"I dress a wound in the side, deep, deep, But a day or two more, for see the frame all wasted and sinking, And the yellow-blue countenance see.",10.582
02064,wavs/02064.wav,I was a captive and a slave.,1.947
02065,wavs/02065.wav,"From a purely literary point of view, few studies would prove more curious and fruitful than the study of slang.",7.085
02066,wavs/02066.wav,"That was adding insult to injury, it was altogether too much, and making some wild demonstration with her hands, Jo vanished without a word.",9.831
02067,wavs/02067.wav,No cold prudence for me.,1.904
02068,wavs/02068.wav,"He mustered his last remaining strength, took hold of his left hand with his right, and reached the bushes.",6.637
02069,wavs/02069.wav,Just then a closed carriage and another with a hood drove up to the porch.,4.461
02070,wavs/02070.wav,"Where was the great crocus-coloured robe, on which the gods fought against the giants, that had been worked by brown girls for the pleasure of Athena?",9.424
02071,wavs/02071.wav,The mere wealth I leave to others.,2.093
02072,wavs/02072.wav,Every emendation of Anne's had been on the side of honesty against importance.,4.789
02073,wavs/02073.wav,See him grow up.,1.045
02074,wavs/02074.wav,"And thus much to content us might suffice, that it is expedient for the whole in general.",5.927
02075,wavs/02075.wav,Better send him out of the country.,2.053
02076,wavs/02076.wav,Are we going to be friends after this?,2.226
02077,wavs/02077.wav,Let's have another look.,1.422
02078,wavs/02078.wav,The resulting etext was compared with a public domain hard copy version of the text.,5.501
02079,wavs/02079.wav,But now something strange was happening to his troops.,3.387
02080,wavs/02080.wav,"And as spirit is the foundation of courage, such natures, whether of men or animals, will be full of spirit.",7.559
02081,wavs/02081.wav,All salts are withering.,1.46
02082,wavs/02082.wav,I perceived by this slowing down of its rising and setting that the work of the tidal drag was done.,5.998
02083,wavs/02083.wav,"Be gentle, but firm.",1.849
02084,wavs/02084.wav,I suppose they are not likely to hear of a better.,2.842
02085,wavs/02085.wav,I believe we can count on him.,2.066
02086,wavs/02086.wav,At the last of these visits the doctor told Vincent that he considered he was nearly sufficiently restored in health to be able to start on their journey.,9.136
02087,wavs/02087.wav,A crowd offers a choice of ugliness.,2.449
02088,wavs/02088.wav,Do you see how it ended?,1.583
02089,wavs/02089.wav,It slows to in front of the house.,2.083
02090,wavs/02090.wav,The Nautilus was almost incessantly under water.,3.319
02091,wavs/02091.wav,How is Miss Fairfax?-I hope she caught no cold last night.,4.893
02092,wavs/02092.wav,I felt as if I was in a monstrous spider's web.,3.248
02093,wavs/02093.wav,"Breakfast Bacon, Dipped in Butter and Fried.",3.006
02094,wavs/02094.wav,"It cannot be accomplished, it never can be done, it has been attempted, and has always failed.",6.612
02095,wavs/02095.wav,"There could be descried piles of guns, moving bayonets, and troops bivouacking.",5.76
02096,wavs/02096.wav,"Here I saw his glance directed to my hands, which were folded on the table before me.",5.995
02097,wavs/02097.wav,"Let this be righted, let the spring come to him, the morning rise over his couch, and he will forsake his generous companions without apology.",9.87
02098,wavs/02098.wav,That's what I want you to be.,1.925
02099,wavs/02099.wav,I bear a respectable character and was four months in my last place.,4.545
02100,wavs/02100.wav,What I like is a smart vehicle and a spirited cob.,3.381
02101,wavs/02101.wav,"In the latter part of July Sherman sent Stoneman to destroy the railroads to the south, about Macon.",6.403
02102,wavs/02102.wav,"This throng of men, sparely lighted by the single candle, filled the den with shadows.",6.123
02103,wavs/02103.wav,"Madeleine was no other than an ex-convict who had broken his ban, condemned in one thousand, seven hundred and ninety-six for theft, and named Jean Valjean.",11.039
02104,wavs/02104.wav,He was regarded as a wonderful reader.,2.469
02105,wavs/02105.wav,"He at once commenced to retreat, Wright following.",3.256
02106,wavs/02106.wav,"Macey, clerk of the parish, shook his head, and asked if anybody was ever known to go off in a fit and not fall down.",8.432
02107,wavs/02107.wav,The second rope lashed the panes of the attic window.,3.119
02108,wavs/02108.wav,"My plan was to go as far as possible that night, and then, building a fire, to sleep in the protection of its glare.",8.22
02109,wavs/02109.wav,It was on a morning of May that Peter Featherstone was buried.,3.907
02110,wavs/02110.wav,That was many years ago.,1.598
02111,wavs/02111.wav,I am but too ready to conform to them.,2.793
02112,wavs/02112.wav,"He was very pale, and seemed unable to say any more.",3.854
02113,wavs/02113.wav,"The hand he had taken lay warm and trembling in his, but it was not withdrawn.",5.024
02114,wavs/02114.wav,"These Gentiles, this rancher Holderness and this outlaw Dene, have driven my cattle, killed my sheep, piped my water off my fields.",10.092
02115,wavs/02115.wav,"In truth, I was a Martian chieftain, and this I learned later was the cause of my great freedom and my toleration in the audience chamber.",8.755
02116,wavs/02116.wav,"The dwarf, at my entreaty, had no other punishment than a sound whipping.",4.828
02117,wavs/02117.wav,The children awoke tortured with a raging hunger.,2.962
02118,wavs/02118.wav,And as he spoke he saw a young man coming round the corner of the house between two dragoons.,5.87
02119,wavs/02119.wav,Her loss of spirits was a yet greater alteration.,3.303
02120,wavs/02120.wav,"There was something fungoid in the oily brown skin, something in the clumsy deliberation of the tedious movements unspeakably nasty.",8.486
02121,wavs/02121.wav,"The water rate, Mr Boylan.",2.254
02122,wavs/02122.wav,"Do not remain down there so ashamed, herbage of my breast!",4.168
02123,wavs/02123.wav,"I could not forbear shaking my head, and smiling a little at his ignorance.",5.126
02124,wavs/02124.wav,Crouching among the stones we stared intently at the silver-tipped bank in front of us.,5.416
02125,wavs/02125.wav,Surely one can keep it!,1.454
02126,wavs/02126.wav,They gathered together and they read the runes of the Flowing Sand.,3.908
02127,wavs/02127.wav,"The clerk, with cuffs turned up, was hastily writing at a tub turned bottom upwards.",6.034
02128,wavs/02128.wav,"Rucastle seemed to be a very kind, good-natured man.",3.898
02129,wavs/02129.wav,"The son was alive then, and the daughter was at a discount.",3.893
02130,wavs/02130.wav,"Some of them were digging, others were wheeling barrowloads of earth along planks, while others stood about doing nothing.",7.699
02131,wavs/02131.wav,There is no swelling yet-it is inward.,2.319
02132,wavs/02132.wav,But when things begin to happen they are apt to keep on.,3.259
02133,wavs/02133.wav,"He finished his meal hastily, and went out to Dan, who was lounging in front of the hotel.",5.681
02134,wavs/02134.wav,"The Second to the first original cause, God, from whom originally proceeds whatsoever doth happen in the world.",7.683
02135,wavs/02135.wav,He never again had such an opportunity of dealing a heavy blow.,3.914
02136,wavs/02136.wav,"That's natur now, poor crittur! hunted down now like a deer,-hunted down, jest for havin' natural feelin's, and doin' what no kind o' mother could help a doin'!",12.256
02137,wavs/02137.wav,He offered a cigarette to the professor and took one himself.,3.627
02138,wavs/02138.wav,"I observe that there is a good deal of German music on the programme, which is rather more to my taste than Italian or French.",7.546
02139,wavs/02139.wav,Champollion deciphered the wrinkled granite hieroglyphics.,3.581
02140,wavs/02140.wav,"Corse, a brave and efficient commander, was badly wounded in this assault.",5.252
02141,wavs/02141.wav,"It was not a reflection on that officer, however, for I did not know but that he had been as efficient as any other cavalry commander.",8.591
02142,wavs/02142.wav,I see how the matter stands.,1.976
02143,wavs/02143.wav,"One of the small front wheels of the hearse had run up a little on a pile of earth, beyond which an open grave was visible.",7.395
02144,wavs/02144.wav,Kiss dear Father on the cheek he calls mine.,2.866
02145,wavs/02145.wav,"Well, my fault perhaps.",2.164
02146,wavs/02146.wav,"It is pitiable and sad, and the whole army is in despair that this most important place has been wantonly abandoned.",7.443
02147,wavs/02147.wav,"Merryweather, we passed down a narrow passage and through a side door, which he opened for us.",6.558
02148,wavs/02148.wav,Dodge round by Greek street.,1.931
02149,wavs/02149.wav,The intrepid and imprudent Fannicot was one of the dead from this grape-shot.,4.677
02150,wavs/02150.wav,There are three thousand souls of them.,2.471
02151,wavs/02151.wav,But halfway down Anne's dejection vanished as if by enchantment.,4.298
02152,wavs/02152.wav,A melancholy voice issued from above them.,2.583
02153,wavs/02153.wav,He said he'd cowhide me till I was black and blue if I didn't raise some money for him.,5.388
02154,wavs/02154.wav,"He threw his entire attention upon his work, now, as if determined not to be put down by the mirth.",7.099
02155,wavs/02155.wav,"But you do as you like with me-you always did, from when first you begun to walk.",5.165
02156,wavs/02156.wav,Enter that antechamber of birth where the studious are assembled and note their faces.,4.701
02157,wavs/02157.wav,"The insurgents, panting with anxiety, followed him with their eyes.",4.564
02158,wavs/02158.wav,"It has been an unusually fatiguing day, a chapter of accidents.",4.542
02159,wavs/02159.wav,You may as well go again me one way as another.,3.12
02160,wavs/02160.wav,It seems to me to be simply like a wonderful ending to a wonderful play.,4.389
02161,wavs/02161.wav,"He was accustomed to them at such times, and was too well convinced of her loyalty to doubt it.",6.36
02162,wavs/02162.wav,"Free medical and legal advice, solution of doubles and other problems.",4.998
02163,wavs/02163.wav,I don't want to be troubled with more sickness here.,3.08
02164,wavs/02164.wav,And in a sad plight he was too after his misadventure.,3.617
02165,wavs/02165.wav,She began blinking rapidly and moved away from the looking glasses.,4.365
02166,wavs/02166.wav,Sir James could say nothing as he accompanied her to the carriage.,3.9
02167,wavs/02167.wav,Of this holy alliance all the despots of the earth are virtual members.,4.483
02168,wavs/02168.wav,Damer thought that it was very hard upon the maternal hens-the hens which should have been maternal-that they should be thus robbed of the delights of motherhood.,8.924
02169,wavs/02169.wav,"Pocket read all the time, and I was curious to know what the book could be.",4.86
02170,wavs/02170.wav,Such a clearer! such a sweetener! such a softener! such a delicious molifier!,7.623
02171,wavs/02171.wav,"I took no note of the lapse of time-of the change from morning to noon, from noon to evening.",5.793
02172,wavs/02172.wav,"Fanny's heart was not absolutely the only saddened one amongst them, as she soon began to acknowledge to herself.",7.901
02173,wavs/02173.wav,You have at least the consolation of knowing that you were always the most generous and forgiving of brothers.,6.238
02174,wavs/02174.wav,For a moment I felt that I had built the Time Machine in vain.,3.843
02175,wavs/02175.wav,"Old Alice is as young as ever, and asks after every one affectionately.",4.95
02176,wavs/02176.wav,"I understood her very well, for I had been accustomed to the fluent tongue of Madame Pierrot.",5.484
02177,wavs/02177.wav,"By good fortune he had been so well taught, that I was carried between his teeth without the least hurt, or even tearing my clothes.",8.402
02178,wavs/02178.wav,I died-and woke up.,1.395
02179,wavs/02179.wav,"I have just told you, the Revolution of the True.",3.158
02180,wavs/02180.wav,It seems but yesterday that I had the honour of attending you in the measles.,4.442
02181,wavs/02181.wav,"I had put them at a distance, and accepted my inevitable place.",4.624
02182,wavs/02182.wav,The people did not at once realize the meaning of this bombardment.,4.159
02183,wavs/02183.wav,He sank two lumps of sugar deftly longwise through the whipped cream.,4.092
02184,wavs/02184.wav,The whole effect was cheerful.,1.856
02185,wavs/02185.wav,"When shown the body, she fell into violent hysterics and kept her bed for several days.",5.946
02186,wavs/02186.wav,"All the virtues as well as truth, who is the leader of them, took up their abode in his soul.",5.715
02187,wavs/02187.wav,"He fingered shreds of hair, her maidenhair, her mermaid's, into the bowl.",5.198
02188,wavs/02188.wav,"It was a woman's voice, a gentle voice, so gentle that it was mournful.",5.435
02189,wavs/02189.wav,The mere lines looked to him like those straight lines of turquoise-blue that follow one as one pushes out to the Lido.,7.296
02190,wavs/02190.wav,She had recognized Javert.,1.886
02191,wavs/02191.wav,"That is a good book that you are reading, Mother Plutarque.",3.628
02192,wavs/02192.wav,"I ordered the chain, which we had begun to heave in, to be paid out again.",4.906
02193,wavs/02193.wav,"I thought I would make a virtue of necessity, and see the sunrise.",4.552
02194,wavs/02194.wav,But what of the world below?,1.601
02195,wavs/02195.wav,But the author himself took the verses and began reading them aloud.,4.2
02196,wavs/02196.wav,"Well, I replied, I suppose that I must retrace my steps and say what I perhaps ought to have said before in the proper place.",8.837
02197,wavs/02197.wav,I had my doubts when you told me.,2.156
02198,wavs/02198.wav,"It happened to catch Sophia's eye before it caught mine-and its size, the elegance of the paper, the hand-writing altogether, immediately gave her a suspicion.",10.548
02199,wavs/02199.wav,But my aunt wouldn't hear of it.,1.638
02200,wavs/02200.wav,"I was sweeping the hearth, and I noticed a mischievous smile on her lips.",4.866
02201,wavs/02201.wav,Pungent mockturtle oxtail mulligatawny.,2.855
02202,wavs/02202.wav,Thinks he'll cure it with pills.,1.945
02203,wavs/02203.wav,"Wetzel pulled the weapon from the body of his victim, and with the same motion he swung it around.",5.953
02204,wavs/02204.wav,It was no longer the rendezvous of Austerlitz.,3.087
02205,wavs/02205.wav,Stop that and begin worse.,1.667
02206,wavs/02206.wav,"And that is the slavering, shivering thing you preferred to me!",3.893
02207,wavs/02207.wav,"Then he made a sign to someone, and the torturing pain in his abdomen caused Prince Andrew to lose consciousness.",7.365
02208,wavs/02208.wav,I know some of them.,1.113
02209,wavs/02209.wav,Can't we be good friends?,1.586
02210,wavs/02210.wav,"With roast goose or venison, grape jelly, or cranberry sauce.",4.785
02211,wavs/02211.wav,I'd as lieve you married Lammeter's daughter as anybody.,3.515
02212,wavs/02212.wav,It was one of my family did you the wrong-the more grief to me-and I feel bound to make up to you for it in every way.,6.873
02213,wavs/02213.wav,"To guard against this danger, Sherman left what he supposed to be a sufficient force to operate against Forrest in West Tennessee.",8.66
02214,wavs/02214.wav,"Again, I argued that it had been forced upon him from the hatred and fear expressed upon his face.",6.369
02215,wavs/02215.wav,"Then feel all like one family party, same in the theatre, all in the same swim.",5.766
02216,wavs/02216.wav,"Bulstrode, sitting opposite to her, ached at the sight of that grief-worn face, which two months before had been bright and blooming.",8.594
02217,wavs/02217.wav,The same anachronism is made later on in this book.,3.326
02218,wavs/02218.wav,It was the first assurance of belief in him that had fallen on Lydgate's ears.,4.769
02219,wavs/02219.wav,The fac-simile herewith shows the color of the paper of the original document and all interlineations and erasures.,7.686
02220,wavs/02220.wav,"He put on his spectacles to read the letter, pursing up his lips and drawing down their corners.",6.09
02221,wavs/02221.wav,General Sherman's plan virtually effected this object.,3.512
02222,wavs/02222.wav,"I knew that I must live up to those sleeves, Diana.",3.75
02223,wavs/02223.wav,"And that was the result of the Indian climate, and marriage, and indigestion, and other things of that kind.",7.534
02224,wavs/02224.wav,Clare's lot was going.,1.342
02225,wavs/02225.wav,"Jennings, Lady Middleton's mother, was a good-humoured, merry, fat, elderly woman, who talked a great deal, seemed very happy, and rather vulgar.",11.281
02226,wavs/02226.wav,"I saw the inconceivable mystery of a soul that knew no restraint, no faith, and no fear, yet struggling blindly with itself.",8.985
02227,wavs/02227.wav,He bounded forward to be flung back by Naab's arm.,3.25
02228,wavs/02228.wav,The only conception that can explain the movement of the peoples is that of some force commensurate with the whole movement of the peoples.,8.0
02229,wavs/02229.wav,"He sat her down just within the door, and held her, clinging to him.",4.662
02230,wavs/02230.wav,The larger bell was muffled and the little bells on the harness stuffed with paper.,4.81
02231,wavs/02231.wav,And who art thou sad shade?,1.871
02232,wavs/02232.wav,"Getting a vacancy did not seem to be such a very easy matter, after all.",5.224
02233,wavs/02233.wav,"Frailty, thy name is Sceptre.",2.356
02234,wavs/02234.wav,Breaking the gloomy bonds of the past is a mournful task.,3.849
02235,wavs/02235.wav,Mademoiselle George looked sternly and gloomily at the audience and began reciting some French verses describing her guilty love for her son.,9.04
02236,wavs/02236.wav,"Moreover, she is good.",1.929
02237,wavs/02237.wav,What was he going to do before lunch-time?,2.628
02238,wavs/02238.wav,But being lost they fear.,1.637
02239,wavs/02239.wav,He received me with absolute enthusiasm.,3.123
02240,wavs/02240.wav,The horses stopped at the stable-gate.,2.364
02241,wavs/02241.wav,Year Phil Gilligan died.,1.722
02242,wavs/02242.wav,This man was speaking to someone in the adjoining room.,3.4
02243,wavs/02243.wav,"O God, I've a pain laughing.",2.297
02244,wavs/02244.wav,"Joybells ring in Christ church, Saint Patrick's, George's and gay Malahide.",5.571
02245,wavs/02245.wav,"Had the Cossacks pursued the French, without heeding what was behind and around them, they would have captured Murat and everything there.",8.025
02246,wavs/02246.wav,Does not America offer any inducement for men to settle here?,3.982
02247,wavs/02247.wav,I dare say Miss Nash would envy you such an opportunity as this of being married.,4.988
02248,wavs/02248.wav,"If any thing could increase her delight, it was perceiving that the baby would soon have outgrown its first set of caps.",7.43
02249,wavs/02249.wav,"Can't you drink that coffee, by the way?",3.045
02250,wavs/02250.wav,"The visit ended, he had the director requested to be so good as to come to his house.",5.505
02251,wavs/02251.wav,"Oh, he's sly, I reckon.",2.511
02252,wavs/02252.wav,And the choir are going to sing four lovely pathetic songs that are pretty near as good as hymns.,5.743
02253,wavs/02253.wav,"He quarrelled with his father and went to live in Hyperesia, where he remained and prophesied for all men.",6.493
02254,wavs/02254.wav,"You will, I am sure, excuse my saying that I think you must let me aid you a little further.",6.282
02255,wavs/02255.wav,"Linton walked out by the back door into the yard, and from thence to the front entrance.",5.53
02256,wavs/02256.wav,The Clusians are ours.,1.615
02257,wavs/02257.wav,Were these inventions principally intended for an improved scheme of kindergarten?,5.087
02258,wavs/02258.wav,"Yet, save ourselves, there did not seem to be a living soul on Maybury Hill.",5.669
02259,wavs/02259.wav,"Zane and the Major had settled down to their series of games, from which nothing short of Indians could have diverted them, Betty sat by Wetzel.",9.179
02260,wavs/02260.wav,Friends had covered it with rich offerings out of respect to the dead.,4.284
02261,wavs/02261.wav,And then at last I heard him.,1.832
02262,wavs/02262.wav,Kiss in the dark and never tell.,1.971
02263,wavs/02263.wav,"Damer, not in the best of tempers.",2.607
02264,wavs/02264.wav,My fear grew to frenzy.,1.693
02265,wavs/02265.wav,"That, and making money.",1.753
02266,wavs/02266.wav,"She was confused, and did not know what to answer.",3.394
02267,wavs/02267.wav,I know it is a way she has.,1.974
02268,wavs/02268.wav,The police have openly confessed that they can at present make nothing of it.,4.474
02269,wavs/02269.wav,"The house was in confusion, and under cover of it we walked up into the little salon adjoining the death-chamber.",7.006
02270,wavs/02270.wav,"The ducal hat of Charles the Rash, the last Duke of Burgundy of his race, was hung with pear-shaped pearls and studded with sapphires.",9.044
02271,wavs/02271.wav,"Ned Land's logic pressed me hard, and I felt myself beaten on that ground.",5.524
02272,wavs/02272.wav,My interference was quite as likely to do harm as good.,4.199
02273,wavs/02273.wav,We have never understood this sort of objections.,2.911
02274,wavs/02274.wav,My mother did not suffer her authority to pass from her without a shadow of protest.,5.284
02275,wavs/02275.wav,"Prince Andrew longed to snatch up, to squeeze, to hold to his heart, this helpless little creature, but dared not do so.",8.688
02276,wavs/02276.wav,"This, when assembled, is the largest and most powerful class in a democracy.",5.643
02277,wavs/02277.wav,"Stanton's party, was put in charge of the public property that had been abandoned and captured.",6.011
02278,wavs/02278.wav,He digested his sufferings alone.,2.372
02279,wavs/02279.wav,What have we here?,1.144
02280,wavs/02280.wav,Fever near her mouth.,1.414
02281,wavs/02281.wav,"This world is good enough for me, cousin Cecily.",3.679
02282,wavs/02282.wav,"We were to work two hours every morning, and two or three hours every night, except on Saturdays, when I was to rest.",7.906
02283,wavs/02283.wav,Your wife has been waiting this two days for you.,3.043
02284,wavs/02284.wav,"The materials at present within my command hardly appeared adequate to so arduous an undertaking, but I doubted not that I should ultimately succeed.",9.833
02285,wavs/02285.wav,"Goe call the English Agent hether strait, Ile send my sister England newes of this, And give her warning of her trecherous foes.",8.816
02286,wavs/02286.wav,Marius lived in a state of delight.,2.094
02287,wavs/02287.wav,Woe to the man who fell into his hands!,2.66
02288,wavs/02288.wav,"We made all the haste we could downstairs, but we were not quick enough either.",5.041
02289,wavs/02289.wav,He was gone half an hour.,1.707
02290,wavs/02290.wav,His first care was to place the inseparable beside him.,3.581
02291,wavs/02291.wav,"But if you wish also to see a State at fever-heat, I have no objection.",4.88
02292,wavs/02292.wav,"As I have stated, it was the beginning of the hot season in a Southern climate.",5.274
02293,wavs/02293.wav,"By mid-afternoon, when he had travelled perhaps thirty miles, he was moist from head to foot, and Silvermane's coat was wet.",8.861
02294,wavs/02294.wav,Perhaps not to hurt he meant.,1.91
02295,wavs/02295.wav,It will help keep you awake and keep out de damp.,2.855
02296,wavs/02296.wav,"Miss Kate sketched and Frank talked to Beth, who was making little mats of braided rushes to serve as plates.",7.139
02297,wavs/02297.wav,Up stage strode Father Cowley.,2.439
02298,wavs/02298.wav,The country was known as the Wilderness.,2.499
02299,wavs/02299.wav,Just at present I have a soul above red hair.,2.992
02300,wavs/02300.wav,"Born in New Jersey in the year one thousand, eight hundred and fifty-eight.",4.469
02301,wavs/02301.wav,"Alan Campbell had shot himself one night in his laboratory, but had not revealed the secret that he had been forced to know.",7.573
02302,wavs/02302.wav,I begin to like them at that age.,2.096
02303,wavs/02303.wav,"A rebel's crime, gilt with a rebel's tongue!",3.129
02304,wavs/02304.wav,Hill and the two housemaids.,1.912
02305,wavs/02305.wav,"But whether the scholars do or not, I'm not caring.",3.435
02306,wavs/02306.wav,You will remember there was no road-not even a pathway-between the castle of the Wicked Witch and the Emerald City.,6.886
02307,wavs/02307.wav,How and when had the child come in without his knowledge?,3.219
02308,wavs/02308.wav,"A dream itself, yet less, perhaps, than that Thou call'st reality.",5.643
02309,wavs/02309.wav,"The postman shouted to the man to stop, but the traveller paid no heed and pursued his road at full gallop.",7.077
02310,wavs/02310.wav,"Aunt Polly took it, held it up.",2.291
02311,wavs/02311.wav,Anne worked hard and steadily.,1.788
02312,wavs/02312.wav,"Then begin to get black, black treacle oozing out of them.",4.076
02313,wavs/02313.wav,Tell us how these things will be.,2.152
02314,wavs/02314.wav,These eyes in the Evening Star you must have seen in a dream.,3.889
02315,wavs/02315.wav,"From time to time, little beings were born there.",3.387
02316,wavs/02316.wav,I attended him in his last illness.,2.406
02317,wavs/02317.wav,"The horse followed,-a tall steed, and on its back a rider.",4.027
02318,wavs/02318.wav,You know the story of the handkerchief?,2.194
02319,wavs/02319.wav,"So seldom that a letter, among the thousands that are constantly passing about the kingdom, is even carried wrong-and not one in a million, I suppose, actually lost!",11.582
02320,wavs/02320.wav,"Have-your-own-way is the best husband, and the only one I'd ever promise to obey.",5.591
02321,wavs/02321.wav,"Suffice it, that you are not here qualified to discriminate.",4.031
02322,wavs/02322.wav,"So in a quarter of an hour, perhaps less, the frigate would have sailed without me.",5.5
02323,wavs/02323.wav,"When he recovered consciousness, he was thirsty.",3.165
02324,wavs/02324.wav,"It determined him to leave Lyme, and await her complete recovery elsewhere.",4.898
02325,wavs/02325.wav,"Eager to find material for stories, and bent on making them original in plot, if not masterly in execution, she searched newspapers for accidents, incidents, and crimes.",12.694
02326,wavs/02326.wav,Zeke was trying to calm the women.,2.278
02327,wavs/02327.wav,"Suddenly Queequeg started to his feet, hollowing his hand to his ear.",4.633
02328,wavs/02328.wav,Then came the peculiar twang of Indian bows.,3.265
02329,wavs/02329.wav,"Prince Andrew, however, did not answer that voice and went on dreaming of his triumphs.",6.127
02330,wavs/02330.wav,"Crowd top-sail, top-gallant and royal studding-sails, Out challenge and defiance--flags and flaunting pennants added, As we take to the open--take to the deepest, freest waters.",13.442
02331,wavs/02331.wav,She let him have his way in silence.,2.367
02332,wavs/02332.wav,"But that never happened, and I always moved aside, while he did not even notice my making way for him.",6.956
02333,wavs/02333.wav,If we were not so poor I would invite Lord Triton.,3.402
02334,wavs/02334.wav,Nothing could be heartier.,1.436
02335,wavs/02335.wav,"There could not be fewer than five hundred people, and they were dancing like five thousand demons.",6.185
02336,wavs/02336.wav,On the square in front of the Bazaar were drummers beating the muster call.,4.292
02337,wavs/02337.wav,But what do you mean by the highest of all knowledge?,3.045
02338,wavs/02338.wav,"Yes! to good heavens, Gwendolen, I mean to Gwendolen.",5.2
02339,wavs/02339.wav,The state of things on the staff had of late been exceedingly strained.,4.358
02340,wavs/02340.wav,"The action of fresh water on the gently inclined Wealden district, when upraised, could hardly have been great, but it would somewhat reduce the above estimate.",9.946
02341,wavs/02341.wav,"If it please me, madam?",1.831
02342,wavs/02342.wav,"Kirke says, and takes it so good-naturedly that they all like him in spite of his foreign ways.",6.149
02343,wavs/02343.wav,As West forced his way after us into the house Oberstein struck him on the head.,5.224
02344,wavs/02344.wav,"To be capable of fancies and imaginations, is common to man and beast.",5.007
02345,wavs/02345.wav,"At dinner the talk turned on the war, the approach of which was becoming evident.",4.994
02346,wavs/02346.wav,"On the contrary, every friend must be made still more her friend by them.",4.922
02347,wavs/02347.wav,It was about this time that Dorothy woke from her long sleep and opened her eyes.,4.87
02348,wavs/02348.wav,"Wopsle referred to me, he considered it a necessary part of such reference to rumple my hair and poke it into my eyes.",8.215
02349,wavs/02349.wav,"Her eyes were dry and glistening, her lips compressed, her cheeks sunken.",5.19
02350,wavs/02350.wav,"But Ulysses took his stand near the burning braziers, holding up torches and looking at the people-brooding the while on things that should surely come to pass.",10.233
02351,wavs/02351.wav,"I never thought of asking leave, when you have always told me to do as I liked.",5.132
02352,wavs/02352.wav,I was not to be turned on his finger.,2.245
02353,wavs/02353.wav,"The upper part, known as the Case, may be regarded as the great Heidelburgh Tun of the Sperm Whale.",7.116
02354,wavs/02354.wav,"It is because it, too, as a matter of fact, has been engulfed in a deluge.",5.265
02355,wavs/02355.wav,"Morel, pointing to his shoulders, tried to impress on the soldiers the fact that Ramballe was an officer and ought to be warmed.",7.859
02356,wavs/02356.wav,"Surprise, horror, and misery were strongly expressed.",4.294
02357,wavs/02357.wav,"Meg received his humble apology, and was much comforted by the assurance that Brooke knew nothing of the joke.",6.898
02358,wavs/02358.wav,"It was necessary, at any cost, to enlarge the aperture still further.",5.456
02359,wavs/02359.wav,"Alas, this parting strikes poor lovers dumb.",3.921
02360,wavs/02360.wav,The stout sail-boat that had accompanied us began ranging alongside.,4.471
02361,wavs/02361.wav,"You've heard me talk just that way-haven't you, Huck?",3.362
02362,wavs/02362.wav,Hit one and then enter to see a list of the entries.,3.225
02363,wavs/02363.wav,From that Torrijos enterprise it did not seem that anything considerable would come.,5.061
02364,wavs/02364.wav,"And on the fore part of the platform Captain Nemo unfurled a black flag, similar to the one he had placed at the South Pole.",8.31
02365,wavs/02365.wav,"Nothing could be more blood-curdling than the clamor of that wild and desperate bell, wailing amid the shadows.",7.079
02366,wavs/02366.wav,"One cup of sour cream, one cup of sugar, one cup seeded and chopped raisins, one egg and a pinch of salt.",7.984
02367,wavs/02367.wav,But still you see his power in his play.,2.687
02368,wavs/02368.wav,He multiplied his questions.,2.045
02369,wavs/02369.wav,He had stalked away in anger.,1.766
02370,wavs/02370.wav,"About nine o'clock the light among the trees was extinguished, and all was dark in the direction of the Manor House.",6.95
02371,wavs/02371.wav,"Drive down your hat in presence of the Czar, and take it off to Queequeg!",4.588
02372,wavs/02372.wav,Any one in these vehicles is at once a spectator and a spectacle.,4.158
02373,wavs/02373.wav,Some one must kill him.,1.506
02374,wavs/02374.wav,"The mulatto woman was a member of the Methodist church, and had an unenlightened but very sincere spirit of piety.",7.166
02375,wavs/02375.wav,Circling columns of smoke were wafted far above the cottonwoods and floated in the still air.,6.004
02376,wavs/02376.wav,"They are the men, and I will choose them, he replied.",3.799
02377,wavs/02377.wav,Then he seemed to question me by a look.,2.616
02378,wavs/02378.wav,Then who will be caught?,1.234
02379,wavs/02379.wav,It was a knockout clean and clever.,2.266
02380,wavs/02380.wav,"Perhaps curiosity might have conquered resentment, if Beth had not been there to inquire and receive a glowing description of the play.",8.64
02381,wavs/02381.wav,Hang When a modem fails to hang up.,2.138
02382,wavs/02382.wav,"His city is equipped for war rather than for peace, and this would seem to be justified by the ordinary condition of Hellenic States.",8.29
02383,wavs/02383.wav,"Now, what did you gather from that woman's appearance?",3.47
02384,wavs/02384.wav,"There you stand, lost in the infinite series of the sea, with nothing ruffled but the waves.",6.373
02385,wavs/02385.wav,"Thus even in death your fame, Achilles, has not been lost, and your name lives evermore among all mankind.",8.068
02386,wavs/02386.wav,"As it is, I fear I shall be malicious enough to be amused with their paltry tricks and lame invectives.",6.951
02387,wavs/02387.wav,"The King's argument was, that anything that had a head could be beheaded, and that you weren't to talk nonsense.",6.917
02388,wavs/02388.wav,"Your father might have asked us to dinner, I think, if he had wanted to see us.",5.471
02389,wavs/02389.wav,"Detection could not be in your power, and suspicion certainly not in your inclination.",5.389
02390,wavs/02390.wav,"I pass the crowd, I run!",2.257
02391,wavs/02391.wav,"He sang that song lovely, murmured Mina.",3.099
02392,wavs/02392.wav,"I therefore sat down in my room, before going to bed, and wrote to her.",5.267
02393,wavs/02393.wav,What other infantile memories had he of her?,2.719
02394,wavs/02394.wav,For two weeks past he had sought her society eagerly and persistently.,4.738
02395,wavs/02395.wav,There was no name of any kind.,2.25
02396,wavs/02396.wav,Just see whither Jacobinism leads.,2.716
02397,wavs/02397.wav,"Done with the engines, sir!",2.125
02398,wavs/02398.wav,He must either be up or out.,1.999
02399,wavs/02399.wav,But there's one thing he'll never do.,2.188
02400,wavs/02400.wav,"Or perhaps your flints are giving out, or are worn out-that happens sometimes, you know.",5.755
02401,wavs/02401.wav,And yet you are still unhappy and still avoid our society.,4.022
02402,wavs/02402.wav,"In an indifferent case we recognize in it more individuality, originality, and independence.",6.691
02403,wavs/02403.wav,"Shelley's imagination became strongly excited, and he urged the subject to me as one fitted for a tragedy.",7.242
02404,wavs/02404.wav,"The noisy little Cratchits were as still as statues in one corner, and sat looking up at Peter, who had a book before him.",8.44
02405,wavs/02405.wav,I was thinking of my mother.,1.645
02406,wavs/02406.wav,"Shelby, after their protracted discussion of the night before, did not readily sink to repose, and, in consequence, slept somewhat later than usual, the ensuing morning.",12.386
02407,wavs/02407.wav,"A bust of Beethoven, covered with a hood of dust, scowled at her from the mantelpiece.",5.785
02408,wavs/02408.wav,We neither of us could keep still.,1.969
02409,wavs/02409.wav,"With hurried hands the soldiers blindfolded them, drawing the sacks over their heads, and bound them to the post.",7.233
02410,wavs/02410.wav,Three Hynes owes me.,1.549
02411,wavs/02411.wav,But it is for the sake of Monseigneur.,2.264
02412,wavs/02412.wav,There were in it metaphors as monstrous as orchids and as subtle in colour.,4.652
02413,wavs/02413.wav,There had been something remarkably amiable about her.,3.295
02414,wavs/02414.wav,The caretaker blinked up at one of the sepulchres they passed.,3.771
02415,wavs/02415.wav,His head-dress and the gold rings which encircled his bare muscular arms indicated that he was a chief high in power.,7.539
02416,wavs/02416.wav,"Will walked out after them, but they went on towards the little gate leading out of the churchyard into the shrubbery, never looking round.",8.06
02417,wavs/02417.wav,The well-taken photographs--but your wife or friend close and solid in your arms?,5.442
02418,wavs/02418.wav,"In fact it is a tragedy which has already received, from its capacity of awakening and sustaining the sympathy of men, approbation and success.",9.812
02419,wavs/02419.wav,I would rather be paid the compliment of being believed sincere.,3.922
02420,wavs/02420.wav,"He only laughed, and told me the boy had got his deserts.",4.185
02421,wavs/02421.wav,"For nearly ten minutes he stood there, motionless, with parted lips and eyes strangely bright.",6.544
02422,wavs/02422.wav,There was something in his face that made one trust him at once.,3.825
02423,wavs/02423.wav,You can pay tomorrow after the dinner.,2.231
02424,wavs/02424.wav,"There were six Spanish pieces of four pistoles each, beside twenty or thirty smaller coins.",6.397
02425,wavs/02425.wav,"Attacking her staircase once more, Rachel again neglected this opportunity of revealing the secrets of her sex.",7.769
02426,wavs/02426.wav,"My rest might have been blissful enough, only a sad heart broke it.",4.423
02427,wavs/02427.wav,Then I made inquiries as to this mysterious assistant and found that I had to deal with one of the coolest and most daring criminals in London.,8.597
02428,wavs/02428.wav,But their watch in the wainscoted parlor was sometimes varied by the presence of other guests from far or near.,6.695
02429,wavs/02429.wav,"The scene was simple strong, and earnest.",2.944
02430,wavs/02430.wav,"The sky was bright, and there was a genial warmth in the air.",3.926
02431,wavs/02431.wav,"Then he worked all day fixing things in bundles, and getting all ready to quit rafting.",5.747
02432,wavs/02432.wav,"Do you suggest, Miss Fairfax, that I entrapped Ernest into an engagement?",5.404
02433,wavs/02433.wav,"Wells had been sunk inside the inclosure, so that if the spring happened to go dry, an abundance of good water could be had at all times.",9.192
02434,wavs/02434.wav,"By each successive age insoluble, pass'd on, To ours to-day--and we pass on the same.",6.61
02435,wavs/02435.wav,She felt chilled and pinched as she entered the room.,3.046
02436,wavs/02436.wav,"Her young womanhood had, I knew, been spent in rough scenes and under strange conditions.",6.018
02437,wavs/02437.wav,You'll find him cold.,1.446
02438,wavs/02438.wav,"All these ill qualities have happened unto them, through ignorance of that which is truly good and truly bad.",6.537
02439,wavs/02439.wav,It is not by equality of merit that you can be won.,3.251
02440,wavs/02440.wav,Her mother smelled her breath and knew she was drunk.,3.012
02441,wavs/02441.wav,Yet I am not certain that she would refuse him if she thought he would let her manage everything and carry out all her notions.,7.855
02442,wavs/02442.wav,"On the other side they were driven back into the intrenchments which they had captured, and batteries eleven and twelve were retaken by Willcox early in the morning.",9.794
02443,wavs/02443.wav,"I nodded assent to the pretty inquiry of the raised eyebrows, and kissed the parted lips.",5.83
02444,wavs/02444.wav,"But Peter, though now damned, was not What Peter was before damnation.",5.039
02445,wavs/02445.wav,The big girl approached and laid her hand in her father's.,3.422
02446,wavs/02446.wav,He felt it incumbent on him to say a few words.,3.362
02447,wavs/02447.wav,In vain did the chief try to get the crow to tell him the cause of his silence and seeming grief.,6.042
02448,wavs/02448.wav,Society hardly even suspects this digging which leaves its surface intact and changes its bowels.,6.899
02449,wavs/02449.wav,"The Beaufoy books of love and great possessions, with which your lordship is doubtless familiar, are a household word throughout the kingdom.",9.179
02450,wavs/02450.wav,"A prioress can only be re-elected twice, which fixes the longest possible reign of a prioress at nine years.",7.672
02451,wavs/02451.wav,Phillips was in the wrong.,1.497
02452,wavs/02452.wav,I thought of the blue-eyed child who had enchanted me.,3.213
02453,wavs/02453.wav,"He produced a long purse, with the greatest coolness, and counted them out on the table and pushed them over to me.",7.049
02454,wavs/02454.wav,"I am a Prince of the Valoyses line, Therfore an enemy to the Burbonites.",4.846
02455,wavs/02455.wav,That man was Jean Valjean.,2.038
02456,wavs/02456.wav,What if I denounce myself?,1.828
02457,wavs/02457.wav,"Hannah scolded, Meg cried, and Jo was at her wits' end, till she decided to take things into her own hands.",7.53
02458,wavs/02458.wav,"Game, increase of, checked by vermin, sixty-eight.",4.139
02459,wavs/02459.wav,"To inaugurate a prearranged course of Italian instruction, place the residence of the instructed.",6.338
02460,wavs/02460.wav,Farebrother has left us together on purpose that we might speak freely.,4.634
02461,wavs/02461.wav,"As Hewet had no knowledge of music, Rachel took his stick and drew figures in the thin white dust to explain how Bach wrote his fugues.",9.163
02462,wavs/02462.wav,"If this is living in the country, it is nothing very formidable.",4.063
02463,wavs/02463.wav,But what is this on the chest?,1.77
02464,wavs/02464.wav,"When done, you'll be returned to the newsgroup menu.",3.265
02465,wavs/02465.wav,"But it was a jolly, busy, happy swift-flying winter.",4.344
02466,wavs/02466.wav,"Everything within and around him seemed confused, senseless, and repellent.",5.04
02467,wavs/02467.wav,"When she told Marianne what she had done, however, her first reply was not very auspicious.",6.69
02468,wavs/02468.wav,It is that I cannot live always without seeing my people.,3.454
02469,wavs/02469.wav,"It was settled that I should stay there all the rest of the day, and return to the hotel at night, and to London to-morrow.",7.718
02470,wavs/02470.wav,"Nevertheless, up to the middle of October the positions of the armies remained unaltered.",5.675
02471,wavs/02471.wav,She was called Mamselle Miss.,1.84
02472,wavs/02472.wav,That's how the Russians prays.,2.076
02473,wavs/02473.wav,"Famine, my paramour, Waits for us at the feast--cruel and fell Is Famine, but he drives not from his door Those whom these lips have kissed, alone.",10.787
02474,wavs/02474.wav,"I don't like Ned and his set, and wish you'd keep out of it.",3.56
02475,wavs/02475.wav,Casaubon is as good as most of us.,2.546
02476,wavs/02476.wav,I hope you find a chair.,1.615
02477,wavs/02477.wav,The corridor took a turn and became dark.,2.6
02478,wavs/02478.wav,Prove that he had loved rectitude from his earliest youth.,3.446
02479,wavs/02479.wav,Ferrier crept into the hall and listened intently.,3.294
02480,wavs/02480.wav,"Hannah wisely allowed them to relieve their feelings, and when the shower showed signs of clearing up, she came to the rescue, armed with a coffeepot.",9.312
02481,wavs/02481.wav,"The souvenir which she sent through you reached me safely, and it makes me very happy.",5.481
02482,wavs/02482.wav,"How can He sweeten the bitterest providences, and give us cause to praise Him for dungeons and prisons!",6.839
02483,wavs/02483.wav,"If it is so with you,-well, I'm very sorry for you.",4.057
02484,wavs/02484.wav,You mentioned two instances.,2.005
02485,wavs/02485.wav,His companions were motionless in deep-breathing sleep.,3.476
02486,wavs/02486.wav,"The same grandeur of architecture which was so noticeable a characteristic of Korad was in evidence here, only, if that were possible, on a larger and richer scale.",11.421
02487,wavs/02487.wav,It is the state of a mind on the march that we are recording.,3.59
02488,wavs/02488.wav,"She hated calls of the formal sort, and never made any till Amy compelled her with a bargain, bribe, or promise.",8.158
02489,wavs/02489.wav,A dumb belch of hunger cleft his speech.,2.765
02490,wavs/02490.wav,"Here they kneel--the famous artist, and the man of letters, whose name will go down to posterity.",6.761
02491,wavs/02491.wav,"If Miss Murdstone were in her worst, I intensified it.",3.981
02492,wavs/02492.wav,Since early morning he and his party had been on the move.,3.244
02493,wavs/02493.wav,"I could not but see how pleased they were with him, and how they seemed to open their hearts to him in a moment.",6.762
02494,wavs/02494.wav,Wolf dashed into the cottonwoods.,2.467
02495,wavs/02495.wav,Matthew bought it for me the day we were over at Carmody.,3.381
02496,wavs/02496.wav,Why is Marlowe here?,1.306
02497,wavs/02497.wav,He did not know what had become of his wife and children.,3.1
02498,wavs/02498.wav,The British took no part in this revelry.,2.754
02499,wavs/02499.wav,This command does not work on all sites.,3.135
02500,wavs/02500.wav,After Glencree dinner that was when we drove home.,3.158
02501,wavs/02501.wav,The professional shook his head over our confessed burglary.,3.586
02502,wavs/02502.wav,"What of it, if some old hunks of a sea-captain orders me to get a broom and sweep down the decks?",6.302
02503,wavs/02503.wav,"An army gains a victory, and at once the rights of the conquering nation have increased to the detriment of the defeated.",7.659
02504,wavs/02504.wav,"The experiences of Stoll, and particularly his message in speaking engagements, have all pointed out the dire need for communication between parties on a network of networks.",11.247
02505,wavs/02505.wav,"Every man can understand it, but to conceive it and enjoin it was possible only for God.",6.097
02506,wavs/02506.wav,That brought him to reason for a time.,2.294
02507,wavs/02507.wav,"Edna marveled, not comprehending.",2.492
02508,wavs/02508.wav,"It was Pat Farrell shoved me, sir.",2.822
02509,wavs/02509.wav,"In spite of what I hear of her, I must see her at once.",3.494
02510,wavs/02510.wav,"She may be bright and sweet enough, but her head is full of nonsense and there's never any knowing what shape it'll break out in next.",8.09
02511,wavs/02511.wav,"They asked him, then, whether to live or die was a matter of his own sovereign will and pleasure.",6.083
02512,wavs/02512.wav,I have little doubt he would have preferred such an employment in his heart to all others.,5.173
02513,wavs/02513.wav,"I shivered, and a deadly nausea seized me.",3.328
02514,wavs/02514.wav,Paper money is issued by individuals as they require it and redeemed twice yearly.,5.304
02515,wavs/02515.wav,Experience was of no ethical value.,2.678
02516,wavs/02516.wav,"There was color, light, and life in the boy's face now, vivacity in his manner, and genuine merriment in his laugh.",8.347
02517,wavs/02517.wav,That is just my point.,1.479
02518,wavs/02518.wav,"No guilt, no mischief, no malignity, no misery, can be found comparable to mine.",6.205
02519,wavs/02519.wav,But what can show a more disgraceful state of education than to have to go abroad for justice because you have none of your own at home?,7.726
02520,wavs/02520.wav,Whereabouts does the Thrush lay at Spithead?,2.87
02521,wavs/02521.wav,"I felt a little uneasy--a little fearful of my sister's happiness with him in marriage, because I knew that his conduct had not been always quite right.",10.06
02522,wavs/02522.wav,"Our relations were business relations, but confidential.",3.769
02523,wavs/02523.wav,Death is the only thing that ever terrifies me.,2.738
02524,wavs/02524.wav,It isn't as if we were getting him from England or the States.,3.656
02525,wavs/02525.wav,"They stood silent, facing one another.",2.799
02526,wavs/02526.wav,How they were all ready to pounce upon me because they thought I was going to say something improper?,5.989
02527,wavs/02527.wav,I was chiefly disgusted with modern history.,3.141
02528,wavs/02528.wav,"He did not approve of a too lowering system, including reckless cupping, nor, on the other hand, of incessant port wine and bark.",9.313
02529,wavs/02529.wav,The excavation of the sewer of Paris has been no slight task.,4.313
02530,wavs/02530.wav,"The Witch did not bleed where she was bitten, for she was so wicked that the blood in her had dried up many years before.",7.24
02531,wavs/02531.wav,Presently Tom checked his whistle.,2.031
02532,wavs/02532.wav,"Molly, lieutenant Mulvey that kissed her under the Moorish wall beside the gardens.",5.094
02533,wavs/02533.wav,"She left it all behind her, all but the recollection that such things had been.",5.055
02534,wavs/02534.wav,Her only dependence for information of any kind was on Isabella.,4.224
02535,wavs/02535.wav,This is my share in the advantages my country shall reap from the possession of such a magnificent dependency.,6.95
02536,wavs/02536.wav,You sweaty brooks and dews it shall be you!,2.624
02537,wavs/02537.wav,"She said the count had died as she would herself wish to die, that his end was not only touching but edifying.",6.973
02538,wavs/02538.wav,"In every rage of wind and rush of rain, I heard pursuers.",4.212
02539,wavs/02539.wav,"Her trust makes me faithful, her belief makes me good.",3.62
02540,wavs/02540.wav,"Legree, who owns a cotton plantation on the Red River.",3.753
02541,wavs/02541.wav,"Holmes, that you can see deeply into the manifold wickedness of the human heart.",5.005
02542,wavs/02542.wav,"My brother made him drink that good Mauves wine, which he does not drink himself, because he says that wine is expensive.",8.331
02543,wavs/02543.wav,"Philippus, founder of the Macedonian supremacy, and father of Alexander the Great.",5.95
02544,wavs/02544.wav,"Beginning with one thousand, eight hundred and thirteen, he gave in his adherence to or applauded all hostile manifestations.",8.336
02545,wavs/02545.wav,Wolf stretched limply on the sand.,2.426
02546,wavs/02546.wav,Probably he had never been kissed before in his life.,3.376
02547,wavs/02547.wav,"Sow the same seed of rapacious license and oppression over again, and it will surely yield the same fruit according to its kind.",7.937
02548,wavs/02548.wav,My schoolfellows met me with spiteful and merciless jibes because I was not like any of them.,6.24
02549,wavs/02549.wav,"I have seen one, a very small creature, no taller than that.",4.567
02550,wavs/02550.wav,"May eighth, we were still crossing Cape Hatteras, at the height of North Carolina.",5.385
02551,wavs/02551.wav,"Captain Nemo not having yet appeared, the boat took Conseil and myself to land.",5.15
02552,wavs/02552.wav,"Camp, cook, sleep, strike camp, march.",3.926
02553,wavs/02553.wav,"He was a dark man altogether, with good eyes and a good bold breadth between them.",5.713
02554,wavs/02554.wav,Heavy of the past.,1.373
02555,wavs/02555.wav,"His clothes were shabby, but he had an imposing shirt-collar on.",4.309
02556,wavs/02556.wav,"The old hermit was also thanked as the discoverer of corn, which had never been known to the Indians until discovered by the old hermit.",8.818
02557,wavs/02557.wav,Thus lived these somnambulists who are called lovers.,3.611
02558,wavs/02558.wav,"I could not have spoken one word, though it had been to save my life.",4.555
02559,wavs/02559.wav,A fellow writes that calls himself Disgusted One.,3.416
02560,wavs/02560.wav,"Brujon, after having passed a month in the punishment cell, had had time, in the first place, to weave a rope, in the second, to mature a plan.",10.643
02561,wavs/02561.wav,"Although Richmond was for the present safe, the prospect of the Confederates was by no means bright.",6.678
02562,wavs/02562.wav,"The tragedy was still black enough, but this man had at least deserved death by the laws of his country.",6.716
02563,wavs/02563.wav,"Come, don't work yourself into this fever.",3.03
02564,wavs/02564.wav,Because it is full of skeletons.,2.077
02565,wavs/02565.wav,It was in the midst of her secret great passion that she met him.,3.777
02566,wavs/02566.wav,No-one here to hear.,1.366
02567,wavs/02567.wav,"All these moods ran themselves into one general effect, which Helen compared to the sliding of a river, quick, quicker, quicker still, as it races to a waterfall.",11.65
02568,wavs/02568.wav,Elizabeth was in agonies.,1.83
02569,wavs/02569.wav,"Presently, Joe came back, saying that the man was gone, but that he, Joe, had left word at the Three Jolly Bargemen concerning the notes.",10.462
02570,wavs/02570.wav,"As he spoke day began to break, and Menelaus, who had already risen, leaving Helen in bed, came towards them.",7.999
02571,wavs/02571.wav,Ain't I a crow?,1.219
02572,wavs/02572.wav,"Say, it's awful dry, ain't it?",2.794
02573,wavs/02573.wav,"Mental suffering was extinguishing all human instincts in this man of scarce fifty years of age, whom all Paris had known as so brilliant and so successful.",10.562
02574,wavs/02574.wav,"Dramatic and lyric poetry, like every other branch of Greek literature, was falling under the power of rhetoric.",7.332
02575,wavs/02575.wav,"For the soul doth as it were receive its tincture from the fancies, and imaginations.",5.628
02576,wavs/02576.wav,Who else should it be?,1.49
02577,wavs/02577.wav,And it's only what he cares for that ever makes me low.,3.296
02578,wavs/02578.wav,What did Jean Valjean inspire? confidence.,4.081
02579,wavs/02579.wav,"As a matter of fact, however, she had forgotten to turn back the bedclothes.",5.323
02580,wavs/02580.wav,They have not seen two such drawing rooms before.,3.212
02581,wavs/02581.wav,"Sometimes the Paris sewer took a notion to overflow, as though this misunderstood Nile were suddenly seized with a fit of rage.",8.674
02582,wavs/02582.wav,"I wanted to go, but Marilla said I'd be better at home learning my lessons and so would Jane.",6.207
02583,wavs/02583.wav,"Well, I fought along, and directly I hears the whoop behind me.",4.725
02584,wavs/02584.wav,"Bake three-quarters of an hour, and baste with butter and water.",4.282
02585,wavs/02585.wav,"Camillus, a famous dictator in the early days of the Roman Republic.",4.538
02586,wavs/02586.wav,"He stood before the wide opening, glaring, and I yelled at him to come back, while I straightened the sudden twist out of that steamboat.",9.241
02587,wavs/02587.wav,He could apparently not refrain from expressing the thoughts that had suddenly occurred to him.,5.472
02588,wavs/02588.wav,"The panels were open, and would have offered an easy access to the interior of the Nautilus.",5.489
02589,wavs/02589.wav,"Crawford's good company and good fortune, he would probably have feared to push his experiment farther, lest she might die under the cure.",9.298
02590,wavs/02590.wav,Wetzel passed through this field unseen.,2.386
02591,wavs/02591.wav,"Since the ----shire were first quartered in Meryton, nothing but love, flirtation, and officers, have been in her head.",7.844
02592,wavs/02592.wav,She had seen the same Frederick Wentworth.,2.571
02593,wavs/02593.wav,This book had a far different effect upon me from the Sorrows of Werter.,4.228
02594,wavs/02594.wav,"All during this wonderful May that we have been having, I used to run down and see her two or three times a week.",6.862
02595,wavs/02595.wav,Fancy going to sleep in it when the wind was rocking it.,3.365
02596,wavs/02596.wav,"She is trying to teach me to cook but I assure you, Diana, it is uphill work.",5.373
02597,wavs/02597.wav,Let us next proceed to consider the nature and origin of the individual who answers to this State.,6.009
02598,wavs/02598.wav,"He continued to bet on his own play, but began often to fail.",4.415
02599,wavs/02599.wav,"Nevertheless, some Hanoverian battalions yielded.",3.853
02600,wavs/02600.wav,"James Desmond, who is the next heir, is an elderly gentleman of a very amiable disposition, so that this persecution does not arise from him.",10.301
02601,wavs/02601.wav,The Time Machine was left deserted on the turf among the rhododendrons.,4.845
02602,wavs/02602.wav,The whole crew were half suffocated as they were tossed helter-skelter into the white curdling cream of the squall.,7.054
02603,wavs/02603.wav,"He spoke slowly, with assurance that he would be listened to, and he looked only at the person with whom he was conversing.",7.876
02604,wavs/02604.wav,Casaubon led the way thither.,2.026
02605,wavs/02605.wav,He thought that I should kill him.,1.86
02606,wavs/02606.wav,"You may skirmish with Miss Dartle, or try to hide your sympathies in jest from me, but I know better.",6.909
02607,wavs/02607.wav,"We said there warn't no home like a raft, after all.",3.563
02608,wavs/02608.wav,Thirty carts could not save all the wounded and in the general catastrophe one could not disregard oneself and one's own family.,8.543
02609,wavs/02609.wav,"I tell you, I'm grim set on living.",2.498
02610,wavs/02610.wav,"We hailed them, and they halted while we hurried towards them.",3.925
02611,wavs/02611.wav,"I hurried then to the breakfast-table, and on it found a letter.",4.184
02612,wavs/02612.wav,Alderman Robert O'Reilly emptying the port into his soup before the flag fell.,4.969
02613,wavs/02613.wav,In an hour he had reached the bottom of the cliff.,2.879
02614,wavs/02614.wav,"By bending over, one could have readily recognized a coin,-no doubt the forty-sou piece stolen from the little Savoyard.",8.028
02615,wavs/02615.wav,"All about me was spotless and bright-scoured floor, polished grate, and well-rubbed chairs.",6.358
02616,wavs/02616.wav,I plucked at my hair.,1.514
02617,wavs/02617.wav,Do not imagine that it was a very unheard of idea.,3.127
02618,wavs/02618.wav,Ask 'em what they do with their money.,1.995
02619,wavs/02619.wav,Generous and self-devoted being!,2.239
02620,wavs/02620.wav,"God is my witness, I did not know you had honored us with a visit, and I came in such a costume only to see my daughter.",8.149
02621,wavs/02621.wav,"He promised to bring me a pocketful of apples and pears, and then he kissed his children, said good-bye, and set off.",8.075
02622,wavs/02622.wav,This black makes me sad.,1.911
02623,wavs/02623.wav,And that aid was his own.,1.76
02624,wavs/02624.wav,I accepted the latter.,1.375
02625,wavs/02625.wav,This can be any combination of letters and numbers.,3.281
02626,wavs/02626.wav,"When you read a message, it pauses every twenty-four lines, instead of scrolling until it's done.",6.485
02627,wavs/02627.wav,"Her cousins might attack, but could hardly tease her.",3.432
02628,wavs/02628.wav,"He was wondering how he could find out what he wanted to know, when Mary's mother unexpectedly gave him just the information he was after.",8.636
02629,wavs/02629.wav,"He got that kink, fascinated by sister's stays.",3.604
02630,wavs/02630.wav,"But what I do know is, that there never was anything but scoundrels among those men!",5.437
02631,wavs/02631.wav,"Like wild birds, he had chosen this desert place to construct his nest.",5.001
02632,wavs/02632.wav,"At one point Hewet read part of a poem aloud, but the number of moving things entirely vanquished his words.",7.197
02633,wavs/02633.wav,Can each see signs of the best by a look in the looking-glass? is there nothing greater or more?,6.676
02634,wavs/02634.wav,It was the first kiss of her life to which her nature had really responded.,4.466
02635,wavs/02635.wav,"March with a sigh and a smile, as she smoothed and fastened up Jo's disheveled hair.",5.454
02636,wavs/02636.wav,His name was proverbial for virtue and courage.,2.979
02637,wavs/02637.wav,"Here I am, you see, staring at a picture.",3.492
02638,wavs/02638.wav,"Morland has behaved so very handsome, you know.",3.448
02639,wavs/02639.wav,"It was this, as much as anything, that gave people courage, and I suppose the new arrivals from Woking also helped to restore confidence.",9.588
02640,wavs/02640.wav,"Perhaps it will be found, that just in proportion as some have been placed in outward circumstances above the savage, others have been degraded below him.",10.086
02641,wavs/02641.wav,"Terrible anguish struck her heart, she felt a dreadful ache as if something was being torn inside her and she were dying.",7.483
02642,wavs/02642.wav,How much more admirable the Bhagvat-Geeta than all the ruins of the East!,4.384
02643,wavs/02643.wav,"At length, however, she sat up and looked about her.",3.606
02644,wavs/02644.wav,"The hillside was quiet and deserted, but from the black of the wood there came now and then a stir of living things.",7.082
02645,wavs/02645.wav,All prick and no pence.,1.707
02646,wavs/02646.wav,I'm very fond of what I like.,2.176
02647,wavs/02647.wav,"Myles Crawford said, falling back a pace.",3.473
02648,wavs/02648.wav,"Kitty stared at him, in doubt and wonder and in anger, and pushed him from her with her hand.",5.865
02649,wavs/02649.wav,One has to be discreet when one talks of high matters of state.,4.042
02650,wavs/02650.wav,Perhaps some atmospheric condition increased the intensity of this phenomenon.,4.84
02651,wavs/02651.wav,"The work of preparation was tedious, because supplies, to load the wagons for the march, had to be brought from a long distance.",8.845
02652,wavs/02652.wav,"I'd like to thank the folks who gave this a read-through and returned some excellent comments, suggestions, and criticisms, and those who provided much-needed information on the fly.",11.92
02653,wavs/02653.wav,"She looked down as she said this, amiably bashful, with only one side glance at her companion to observe its effect on her.",8.565
02654,wavs/02654.wav,"But are they resolute and armde to kill, Hating the life and honour of the Guise?",5.504
02655,wavs/02655.wav,"Wetzel joined them at this moment, and they hurried back to the block-house.",4.622
02656,wavs/02656.wav,"We used to walk about that dim old flat at Yarmouth in a loving manner, hours and hours.",5.811
02657,wavs/02657.wav,Chaske and Hake were inseparable.,2.078
02658,wavs/02658.wav,"Villaine, why cost thou look so gastly? speake.",4.62
02659,wavs/02659.wav,He had arrived just in the nick of time.,2.409
02660,wavs/02660.wav,That's twice I forgot to take slips from the library counter.,3.956
02661,wavs/02661.wav,"six What will be will be well, for what is is well, To take interest is well, and not to take interest shall be well.",7.713
02662,wavs/02662.wav,"Pierre ran after him, avoiding the spot where the young officer was sitting.",5.206
02663,wavs/02663.wav,"Servant, you are welcome to a worthless mistress.",3.271
02664,wavs/02664.wav,"where channel-name is the name of the channel, and hit enter.",3.772
02665,wavs/02665.wav,"And when they came to the City of Acre, sure the pope was dead.",4.247
02666,wavs/02666.wav,We chose the spruce grove because it's so gloomy.,3.235
02667,wavs/02667.wav,Now I'll give you something to believe.,2.328
02668,wavs/02668.wav,What future careers had been possible for Bloom in the past and with what exemplars?,5.851
02669,wavs/02669.wav,You will recognize them by the white ribbon they will wear on the left arm.,3.794
02670,wavs/02670.wav,"At that time she had three babies, and was beginning to think of a fourth one.",5.141
02671,wavs/02671.wav,"Tilney had last walked, or the volume in which she had last read, remain to tell what nothing else was allowed to whisper?",7.905
02672,wavs/02672.wav,They were icy cold.,1.436
02673,wavs/02673.wav,"Is nothing due to the man whom we have all such reason to love, and no reason in the world to think ill of?",6.927
02674,wavs/02674.wav,I wish to demonstrate further the infelicity of these arms.,3.762
02675,wavs/02675.wav,And others were murmuring about Genoa.,2.281
02676,wavs/02676.wav,"This took place in one thousand, seven hundred and ninety-five.",4.356
02677,wavs/02677.wav,Might be still up.,1.267
02678,wavs/02678.wav,Princess Mary went up and kissed his hand.,2.786
02679,wavs/02679.wav,"But with cunning, the matter is quite different.",2.821
02680,wavs/02680.wav,"They had somewhat altered their course, to put themselves in line with the vessel.",5.002
02681,wavs/02681.wav,A magnesium flashlight photograph is taken.,3.119
02682,wavs/02682.wav,You offer me negotiations!,2.062
02683,wavs/02683.wav,Hare knew how her story had slighted the perils and privations of that long year.,5.07
02684,wavs/02684.wav,"Arriving at infinitesimals, mathematics, the most exact of sciences, abandons the process of analysis and enters on the new process of the integration of unknown, infinitely small, quantities.",14.573
02685,wavs/02685.wav,Have you dreaded these earth-beetles?,2.119
02686,wavs/02686.wav,"See that this upon all occasions may present itself unto thy mind, and never cease to think of it.",7.035
02687,wavs/02687.wav,"If so, we should be able to shadow him and see what it is that he is after.",5.003
02688,wavs/02688.wav,"He was, perhaps, but at treacherous play with her.",3.881
02689,wavs/02689.wav,Were the powder mills at Hounslow ready as a snare?,3.055
02690,wavs/02690.wav,He has no venture in the present.,2.13
02691,wavs/02691.wav,"Hans went into the stable, cut out all the calves' and sheep's eyes, and threw them in Gretel's face.",7.121
02692,wavs/02692.wav,"Charlotte is very pretty, I can tell you.",2.632
02693,wavs/02693.wav,We may be permitted to doubt this.,2.127
02694,wavs/02694.wav,"He wore a fine, dark-blue, silk-lined cloth coat over a sheepskin.",5.241
02695,wavs/02695.wav,The image of the dog suggests an answer.,2.607
02696,wavs/02696.wav,"He put this unique copy under his arm, and went out.",3.621
02697,wavs/02697.wav,"Only the possible ones get linked up with a consecutive series of commands corresponding to a series of events, and are executed.",8.887
02698,wavs/02698.wav,"The lack of sleep and food, and his emotions had caused him also to pass into the state of a visionary.",6.944
02699,wavs/02699.wav,"There was, in fact, no trace of any injury.",3.578
02700,wavs/02700.wav,"Rachel was getting fairly dizzy with this unusual mystery about quiet, unmysterious Green Gables.",6.946
02701,wavs/02701.wav,Somebody should be on the watch.,2.0
02702,wavs/02702.wav,"At the East, also, the rebels were busy.",3.375
02703,wavs/02703.wav,Muslin curtains give a house such an air.,2.606
02704,wavs/02704.wav,Gray has figured one specimen with very distinct zebra-like bars on the hocks.,5.53
02705,wavs/02705.wav,Captain Nemo was with them.,1.728
02706,wavs/02706.wav,"Zane followed her, and presently the whole party were on their way to the river.",4.514
02707,wavs/02707.wav,"Never deceive him by look or word, Meg, and he will give you the confidence you deserve, the support you need.",7.401
02708,wavs/02708.wav,She turned over sleepily that time.,2.276
02709,wavs/02709.wav,"The mayor did not look at him, but went on annotating this docket.",4.204
02710,wavs/02710.wav,Tell the girl to put it away for your tea.,2.584
02711,wavs/02711.wav,Marius offered his arm to the old man and conducted him to his lodgings.,4.714
02712,wavs/02712.wav,There did seem to be some truth in her objection.,2.992
02713,wavs/02713.wav,"With that she marched off to bed, and there was no merry or confidential gossip that night.",5.887
02714,wavs/02714.wav,For it is always in a direct line.,2.242
02715,wavs/02715.wav,"Often, adventures which Vancouver dedicates three chapters to, these men accounted unworthy of being set down in the ship's common log.",9.353
02716,wavs/02716.wav,"Once he awoke and it was still day, for his eyes quickly shut upon the glare.",5.293
02717,wavs/02717.wav,It is possible that Schofield will be sent to your command.,3.836
02718,wavs/02718.wav,"This was the scene of the battle of the twenty-second of October, one thousand, seven hundred and two.",6.59
02719,wavs/02719.wav,It might rain if you wanted to go yourself.,2.613
02720,wavs/02720.wav,Josie Pye took first prize for knitted lace.,3.214
02721,wavs/02721.wav,"There was a laurel bush outside the window, and several of the branches bore signs of having been twisted or snapped.",7.526
02722,wavs/02722.wav,In front of it stood carriages without horses and things were being packed into the vehicles.,5.706
02723,wavs/02723.wav,"He was talking, at the moment, to Louisa and Amy Eshton.",4.019
02724,wavs/02724.wav,"Ye'll never see sich another woman, Mas'r George, if ye live to be a hundred years old.",6.35
02725,wavs/02725.wav,"In this case, you'll be connecting to a service known as Hytelnet, which is a database of computerized library catalogs and other databases available through telnet.",11.032
02726,wavs/02726.wav,"General Sheridan moved from Winchester on the twenty-seventh of February, with two divisions of cavalry, numbering about five thousand each.",9.449
02727,wavs/02727.wav,"I followed Captain Nemo, who, by one of the doors opening from each panel of the drawing-room, regained the waist.",8.078
02728,wavs/02728.wav,"Emma knew that he was now getting to the Box Hill party, and grew uncomfortable.",4.887
02729,wavs/02729.wav,It will be impossible for him to commence too early.,3.247
02730,wavs/02730.wav,What universal binomial denominations would be his as entity and nonentity?,4.743
02731,wavs/02731.wav,In this country everyone must pay for everything he gets.,3.681
02732,wavs/02732.wav,Edna felt extremely restless and excited.,2.95
02733,wavs/02733.wav,"These articles, with two small wicker-work chairs, made up all the furniture in the room save for a square of Wilton carpet in the centre.",9.398
02734,wavs/02734.wav,A fruit vender was crying his wares in the street.,3.02
02735,wavs/02735.wav,"The chief magnates sat on high-backed chairs at a large table under the portrait of the Emperor, but most of the gentry were strolling about the room.",9.193
02736,wavs/02736.wav,"What's this?-green? aye, tiny mosses in these warped cracks.",6.022
02737,wavs/02737.wav,"The man of probity sacrifices himself, and out of his very love for this crowd, he combats it.",6.91
02738,wavs/02738.wav,But poetry and art may also be the expression of the highest truth and the purest sentiment.,5.669
02739,wavs/02739.wav,"Lorry, bending down his ear, while his eye strayed to the House afar off.",4.987
02740,wavs/02740.wav,"I'm obleeged to you, sir, for your welcoming manner of me.",4.177
02741,wavs/02741.wav,"I have heard, it was then worth some ten thousand pounds a year to the parties interested.",5.6
02742,wavs/02742.wav,"Friend, be very sure I shall be better off with plants that share More peaceably the meadow and the shower.",6.513
02743,wavs/02743.wav,"Whether those pleading orators were persons educated in the general knowledge of equity, or only in provincial, national, and other local customs?",9.963
02744,wavs/02744.wav,"I explained hastily that I had to leave my home, and so secured the dog cart.",5.494
02745,wavs/02745.wav,"He looked at me fixedly, compressing his well-cut lips while he did so.",4.905
02746,wavs/02746.wav,John Henry Menton's large eyes stared ahead.,3.082
02747,wavs/02747.wav,Where shall we put her?,1.25
02748,wavs/02748.wav,"Hoarse, masked and armed, the planters' covenant.",3.743
02749,wavs/02749.wav,Make a bleeding butcher's shop of the bugger.,2.511
02750,wavs/02750.wav,"In the evenings when Snap came in to his wooing and drew Mescal into a corner, Hare watched with covert glance and smouldering jealousy.",8.429
02751,wavs/02751.wav,"The first of December was a wintry day indeed to them, for a bitter wind blew, snow fell fast, and the year seemed getting ready for its death.",9.76
02752,wavs/02752.wav,How nice and soft it sounds!,2.37
02753,wavs/02753.wav,"Victor had grown hilarious, and was attempting to tell an anecdote about a Mexican girl who served chocolate one winter in a restaurant in Dauphine Street.",9.777
02754,wavs/02754.wav,The gay robes of the beautiful people moved hither and thither among the trees.,4.608
02755,wavs/02755.wav,Madeleine relied wholly on her.,2.045
02756,wavs/02756.wav,It was from her husband.,1.356
02757,wavs/02757.wav,Can't you hurry up?,1.035
02758,wavs/02758.wav,There's more where that come from.,2.035
02759,wavs/02759.wav,"Whatever may be the combinations of the generals, the shock of armed masses has an incalculable ebb.",6.515
02760,wavs/02760.wav,"We shall not know what to join on to, what to cling to, what to love and what to hate, what to respect and what to despise.",7.844
02761,wavs/02761.wav,I'll show you my likeness one day.,2.267
02762,wavs/02762.wav,That is an essential condition.,1.701
02763,wavs/02763.wav,Keep the flies away--they are bothersome--and bathe his head every little while.,5.669
02764,wavs/02764.wav,"Another deal proceeded, and Crawford began again about Thornton Lacey.",4.726
02765,wavs/02765.wav,"For myself, I find it rather dreary.",2.918
02766,wavs/02766.wav,"Micawber, as representing that banking-house, would inspire confidence, and must extend the connexion.",7.637
02767,wavs/02767.wav,Having read it all he took it from the newspaper and put it back in his sidepocket.,4.915
02768,wavs/02768.wav,"I quite agree, though I never thought of this before.",3.576
02769,wavs/02769.wav,"The early morning was wonderfully still, and the sun, just clearing the pine trees towards Weybridge, was already warm.",8.35
02770,wavs/02770.wav,"Wopsle's great-aunt successfully overcame that bad habit of living, so highly desirable to be got rid of by some people.",8.166
02771,wavs/02771.wav,Mescal was not yet a Mormon's wife!,2.456
02772,wavs/02772.wav,"He had long nerved himself to the sacrifice, however, and the thought of the honour and happiness of his daughter outweighed any regret at his ruined fortunes.",9.975
02773,wavs/02773.wav,"Good heavens! my dear friend, I said, what consummate skill will our rulers need if the same principle holds of the human species!",9.73
02774,wavs/02774.wav,Don't ever say things of that kind to me again.,2.986
02775,wavs/02775.wav,"The man obeyed, and Defarge followed the light closely with his eyes.",4.615
02776,wavs/02776.wav,"I could offer no explanation of them, but their truth in part relieved the burden of my mysterious woe.",6.558
02777,wavs/02777.wav,It would have been a victory for us to have got our army away from Chattanooga safely.,5.224
02778,wavs/02778.wav,"Across all her imaginative adornment of those whom she loved, there darted now and then a keen discernment, which was not without a scorching quality.",9.86
02779,wavs/02779.wav,"Go too now and tell me of Alexander and Philippus, and Demetrius Phalereus.",5.318
02780,wavs/02780.wav,"On the tenth of October the march down the valley was again resumed, Early again following.",5.906
02781,wavs/02781.wav,Beside it lay some cooking utensils and a bucket half-full of water.,4.14
02782,wavs/02782.wav,"Can't you see them hurrying, hurrying-puffing and blowing and hooting to their other mechanical affairs?",6.118
02783,wavs/02783.wav,"As with telnet, not all systems that connect to the Net have access to ftp.",5.633
02784,wavs/02784.wav,"At that moment, she seemed to Marius even more to be feared than her husband.",4.546
02785,wavs/02785.wav,"This work, peculiar to the whole of Europe, effected more ravages in Germany than anywhere else.",6.598
02786,wavs/02786.wav,They examined the sea with the most scrupulous attention.,3.277
02787,wavs/02787.wav,It was so steep that the burros appeared to be climbing straight up.,4.061
02788,wavs/02788.wav,"Thou laws invisible that permeate them and all, Thou that in all, and over all, and through and under all, incessant!",8.007
02789,wavs/02789.wav,At daybreak Wetzel was at his post.,2.705
02790,wavs/02790.wav,I have been returned since Saturday.,2.281
02791,wavs/02791.wav,A chill crept over Hare.,1.58
02792,wavs/02792.wav,When they drew near their home they noticed large droves of buffalo gathered on their side of the range.,5.989
02793,wavs/02793.wav,"With such an innocent face, too!",2.134
02794,wavs/02794.wav,"Do thou abide below here, where they shall serve thee, as if thou wert the captain.",5.64
02795,wavs/02795.wav,What supererogatory marks of special hospitality did the host show his guest?,5.523
02796,wavs/02796.wav,So she had failed and Gilbert had won!,2.719
02797,wavs/02797.wav,"The sound of her iron shoes upon the hard road was quite musical, as she came along at a much brisker trot than usual.",8.183
02798,wavs/02798.wav,"They both entered after me--the last springing in, after putting up the steps.",5.504
02799,wavs/02799.wav,At every village through which they passed the people flocked out with offerings of milk and fruit.,5.871
02800,wavs/02800.wav,Wetzel sank to his knees.,1.9
02801,wavs/02801.wav,It would be impossible to fill it up.,2.25
02802,wavs/02802.wav,"Before us was the steersman's cage, and I expected that Captain Nemo was there directing the course of the Nautilus.",7.3
02803,wavs/02803.wav,"She appeared vaguely conscious of his presence, but it seemed to disturb her, and she turned, so that she lay with her back to him.",8.394
02804,wavs/02804.wav,"General Weitzel will keep vigilant watch upon his front, and if found at all practicable to break through at any point, he will do so.",8.73
02805,wavs/02805.wav,"So I begun wi' Compeyson, and a poor tool I was in his hands.",4.813
02806,wavs/02806.wav,Tom and Joe Harper got up a band of performers and were happy for two days.,5.037
02807,wavs/02807.wav,"The shade of the original Kurtz frequented the bedside of the hollow sham, whose fate it was to be buried presently in the mould of primeval earth.",8.862
02808,wavs/02808.wav,Why let us burne him for a heretick.,2.165
02809,wavs/02809.wav,It was in front of this Gorbeau house that Jean Valjean halted.,3.969
02810,wavs/02810.wav,We must double them.,1.514
02811,wavs/02811.wav,He seemed to see and hear nothing of what was going on around him and to be absorbed by some depressing and unsolved problem.,7.596
02812,wavs/02812.wav,"It may be the character of his mind, to be always in singular need of occupation.",5.523
02813,wavs/02813.wav,Suddenly a feeling of happiness seized him.,2.738
02814,wavs/02814.wav,"About this girl, Miss Holder.",2.095
02815,wavs/02815.wav,I will not attempt any definition of instinct.,3.063
02816,wavs/02816.wav,The Comtesse's husband did not reply.,2.443
02817,wavs/02817.wav,"This man expressed himself with perfect ease, without any accent.",4.556
02818,wavs/02818.wav,"Was he conscious of all that passed within him, and of all that was working there?",5.432
02819,wavs/02819.wav,"For that errand I had counted on that abstracted Marius, who is a good fellow on the whole, but he no longer comes to us.",8.163
02820,wavs/02820.wav,And then he fell to weeping bitterly.,2.311
02821,wavs/02821.wav,But there are such a lot of them that I could not bring myself to run the chance of leaving them all on her hands.,6.596
02822,wavs/02822.wav,"All that was required for the adventure was a long rope, a sharp file, and a dark night.",6.005
02823,wavs/02823.wav,"Thou subtle, perjured, false, disloyal man, Think'st thou I am so shallow, so conceitless, To be seduced by thy flattery, That hast deceived so many with thy vows?",13.079
02824,wavs/02824.wav,One gets on quite well with English.,2.456
02825,wavs/02825.wav,"They remained together at the otherwise deserted card-table, talking very comfortably, and not thinking of the rest, till some of the rest began to think of them.",10.409
02826,wavs/02826.wav,"Then, as to sitting here or there, or amusing yourself in any manner indicated, that need cause you no inconvenience.",8.0
02827,wavs/02827.wav,"But I says, I got to do it-I can't get out of it.",3.378
02828,wavs/02828.wav,"However, he is very well.",1.963
02829,wavs/02829.wav,The sympathy and good-will excited towards Captain Benwick was very great.,4.549
02830,wavs/02830.wav,"The blow was struck from immediately behind, and yet was upon the left side.",4.86
02831,wavs/02831.wav,Luckily Sir Thomas was at hand.,2.301
02832,wavs/02832.wav,"Next Sunday we all went to church, about three mile, everybody a-horseback.",5.789
02833,wavs/02833.wav,"Markleham, in tears, 'for taking care of one's family!",3.765
02834,wavs/02834.wav,"Then, getting up, he went to the tobacco jar on the mantel, and with his back to us began to fill his pipe.",7.305
02835,wavs/02835.wav,Generally men are in favor of the slayer.,2.546
02836,wavs/02836.wav,"Undoubtedly, he said, the form of government which you describe is a mixture of good and evil.",6.019
02837,wavs/02837.wav,We see the same law in comparing the wonderfully complex jaws and legs in crustaceans.,6.057
02838,wavs/02838.wav,The freshness of the morning made me desire an equal freshness.,4.162
02839,wavs/02839.wav,A quart of ale is a dish for a king.,2.432
02840,wavs/02840.wav,Across the threadbare cuffedge he saw the sea hailed as a great sweet mother by the wellfed voice beside him.,6.796
02841,wavs/02841.wav,"It was brought parallel to me, as I lay.",3.01
02842,wavs/02842.wav,"After a little further conversation to the same effect, we returned into the Castle where we found Miss Skiffins preparing tea.",8.476
02843,wavs/02843.wav,"No more can I turn the leaves of this dear book that I loved, and vainly hope in time to read it all.",6.348
02844,wavs/02844.wav,"These she also led to rooms, and each one of them found himself lodged in a very pleasant part of the Palace.",7.538
02845,wavs/02845.wav,Edna still felt dazed when she got outside in the open air.,3.904
02846,wavs/02846.wav,Forgive me if I have caused you unpleasantness.,2.983
02847,wavs/02847.wav,But when the camping party came together again--where were the donkey and the two babes?,5.393
02848,wavs/02848.wav,I just love pretty clothes.,1.912
02849,wavs/02849.wav,Miss Agnes's above all!,1.849
02850,wavs/02850.wav,What marks were there of any other footstep?,2.682
02851,wavs/02851.wav,No woman can play fast and loose with me!,2.602
02852,wavs/02852.wav,Once more he looked at the portrait.,2.121
02853,wavs/02853.wav,"One fine day, my heart flew forth.",2.943
02854,wavs/02854.wav,"As to my supplying you with a thousand pounds, or only half that sum, I can do nothing of the sort.",6.898
02855,wavs/02855.wav,"Freemasonry, at any rate as he saw it here, sometimes seemed to him based merely on externals.",7.112
02856,wavs/02856.wav,Hare slapped his face.,1.615
02857,wavs/02857.wav,"The father and daughter, arm in arm, had just passed Marius' bench.",4.893
02858,wavs/02858.wav,"They must always speak low, walk with their eyes on the ground and their heads bowed.",5.577
02859,wavs/02859.wav,The district is closed to us for a time.,2.576
02860,wavs/02860.wav,"Lydgate smiled at her tenderly, and really accepted the suggestion that the proud pleasure of showing so charming a bride was worth some trouble.",9.537
02861,wavs/02861.wav,There had been some changes ordered in the organization of that army before my promotion.,5.512
02862,wavs/02862.wav,All who can distinguish will understand your motive.,2.982
02863,wavs/02863.wav,The men will bear it.,1.165
02864,wavs/02864.wav,Jean Valjean knew no more where he was going than did Cosette.,3.91
02865,wavs/02865.wav,"And when you see the same evils in the tyrannical man, what do you say of him?",4.869
02866,wavs/02866.wav,And I am sure I have no reason to deny any of my relatives.,3.919
02867,wavs/02867.wav,"Very gentle their voices sounded, as if they fell through the waves of the sea.",5.187
02868,wavs/02868.wav,Holmes shook his head like a man who is far from being satisfied.,4.309
02869,wavs/02869.wav,Having said this she went up to the doctor.,2.648
02870,wavs/02870.wav,What a good fellow Uncle is!,1.622
02871,wavs/02871.wav,Stout lady does be with you in the brown costume.,3.509
02872,wavs/02872.wav,We separate from Butler so that he cannot be directed how to co-operate.,4.546
02873,wavs/02873.wav,I looked steadily at the Countess with the pitiless clear-sightedness of an examining magistrate confronting a guilty creature.,7.214
02874,wavs/02874.wav,"Selina is no fine lady, I assure you.",3.163
02875,wavs/02875.wav,"If that, then law.",1.603
02876,wavs/02876.wav,The Pequod Meets The Rachel.,1.791
02877,wavs/02877.wav,"The same forces which have revolutionized the political system of Europe, may effect a similar change in the social and industrial relations of mankind.",9.996
02878,wavs/02878.wav,It was so like a human spider!,2.048
02879,wavs/02879.wav,There is nothing except books to occupy me.,3.084
02880,wavs/02880.wav,Could he do without factories?,1.771
02881,wavs/02881.wav,Everything speaks in its own way.,2.221
02882,wavs/02882.wav,Micawber usually mean in their correspondence--but I don't know what.,4.583
02883,wavs/02883.wav,"The time for loading is one day only, and we continue our voyage.",4.605
02884,wavs/02884.wav,"They rang, entered, and set about making cartridges.",3.901
02885,wavs/02885.wav,This he followed far into the woods.,2.43
02886,wavs/02886.wav,"When I take a country walk, he said, I often experience what you describe.",5.589
02887,wavs/02887.wav,It wasn't your fault so why should you mind?,2.672
02888,wavs/02888.wav,"And I heard they were on their way home, though they would travel overland and not risk the great dangers of the sea.",6.697
02889,wavs/02889.wav,"Come, place the canoe in here and we will keep to the near shore until we reach the bend.",5.377
02890,wavs/02890.wav,Because the whole city is in a league which protects the individual.,4.001
02891,wavs/02891.wav,"Sheridan came at once by special train, but reached there after the troops were all off.",5.756
02892,wavs/02892.wav,We must keep the reins.,1.781
02893,wavs/02893.wav,Donavan found the house in all this uproar.,3.27
02894,wavs/02894.wav,"Marie raised her voice, and called Miss Ophelia, from the other room.",4.718
02895,wavs/02895.wav,"Hubble, who were surpassingly conceited and vainglorious in being members of so distinguished a procession.",6.777
02896,wavs/02896.wav,Not three in three thousand raw school-girl-governesses would have answered me as you have just done.,6.282
02897,wavs/02897.wav,They would settle down.,1.343
02898,wavs/02898.wav,"The fellow was brought, cap in hand, and the other fellows closed round to look and listen, in the manner of the people at the Paris fountain.",8.665
02899,wavs/02899.wav,"The sergeant gave orders to turn to the left, towards the watershed of the Seine.",4.92
02900,wavs/02900.wav,"It is yes, Jerry.",1.661
02901,wavs/02901.wav,"Would he obtain air by chemical means, in getting by heat the oxygen contained in chlorate of potash, and in absorbing carbonic acid by caustic potash?",11.123
02902,wavs/02902.wav,Why did it happen in this and not in some other way?,3.334
02903,wavs/02903.wav,"Tell me also truly, for I want to know, are you a stranger to this house, or have you been here in my father's time?",7.82
02904,wavs/02904.wav,"Bulstrode replied without haste, but also without hesitation.",4.638
02905,wavs/02905.wav,"What did I say, Nelly?",1.829
02906,wavs/02906.wav,He murmured that he knew the name.,1.809
02907,wavs/02907.wav,There's a young female lately arrived from Manchester.,3.399
02908,wavs/02908.wav,"Why could I not communicate to Conseil the lively sensations which were mounting to my brain, and rival him in expressions of admiration?",9.157
02909,wavs/02909.wav,"Whatsoever is besides either is already past, or uncertain.",4.809
02910,wavs/02910.wav,One piece of good sense would be more memorable than a monument as high as the moon.,5.083
02911,wavs/02911.wav,"Your mother begged prizes from the gods, and offered them to be contended for by the noblest of the Achaeans.",7.189
02912,wavs/02912.wav,"Look at these here lodgings of yourn, fit for a lord!",3.687
02913,wavs/02913.wav,I had only to protest and I certainly would have been thrown out of the window.,4.816
02914,wavs/02914.wav,As they moved on the country grew wilder and wilder.,3.323
02915,wavs/02915.wav,"Flower of the Austrian army, hero of the Turkish wars!",3.997
02916,wavs/02916.wav,"The naturalist must feel little curiosity, who is not led to inquire what this bond is.",6.061
02917,wavs/02917.wav,"But for history, the state and power are merely phenomena, just as for modern physics fire is not an element but a phenomenon.",8.149
02918,wavs/02918.wav,I shall take the candle.,1.614
02919,wavs/02919.wav,"A little soil, no care, no culture.",3.236
02920,wavs/02920.wav,"Being at last touched on the shoulder, I started and turned.",4.046
02921,wavs/02921.wav,"Sprague, who was elderly, and old-fashioned in her opinions.",4.276
02922,wavs/02922.wav,I was speaking sincerely last night.,2.392
02923,wavs/02923.wav,"A glass of srub and water, now?",2.521
02924,wavs/02924.wav,"She laid the fragile figure down at once, and sat perfectly still for a few moments.",5.897
02925,wavs/02925.wav,"The bridegroom arrived and also a large company of guests, for the miller had taken care to invite all his friends and relations.",8.913
02926,wavs/02926.wav,"We must have cold tongue and chicken, French chocolate and ice cream, besides.",5.521
02927,wavs/02927.wav,"But if the same species can be produced at two separate points, why do we not find a single mammal common to Europe and Australia or South America?",9.842
02928,wavs/02928.wav,"Imagine one selected day struck out of it, and think how different its course would have been.",5.694
02929,wavs/02929.wav,"Well, by-and-by somebody said Sherburn ought to be lynched.",4.025
02930,wavs/02930.wav,The trains will be moved at the same time to Milford Station.,3.922
02931,wavs/02931.wav,"Why, of course I miss Robert.",2.333
02932,wavs/02932.wav,"Well, there is company there, I reckon.",2.861
02933,wavs/02933.wav,"From the windows of my room I saw all London lying in the distance like a great vapour, with here and there some lights twinkling through it.",8.241
02934,wavs/02934.wav,"He passed the door a dozen times, before he had the courage to go up and knock.",5.29
02935,wavs/02935.wav,"And in August, high in air, the beautiful and bountiful horse-chestnuts, candelabra-wise, proffer the passer-by their tapering upright cones of congregated blossoms.",11.715
02936,wavs/02936.wav,"This bore some resemblance to incipient rigour, and was accompanied by a marked sinking of the pulse.",6.712
02937,wavs/02937.wav,"Or do you mean the intelligence, the brainpower as such, as distinct from any outside object, the table, let us say, that cup.",9.38
02938,wavs/02938.wav,This cannot for an instant be admitted.,2.413
02939,wavs/02939.wav,And it was my gray bitch that caught it!,2.441
02940,wavs/02940.wav,His jokes are getting a bit damp.,2.21
02941,wavs/02941.wav,And see the blue heron by the lotus flowers?,2.787
02942,wavs/02942.wav,"She was almost ready now to think Celia wiser than herself, and was really wondering with some fear what her wrong notion was.",8.59
02943,wavs/02943.wav,"A gradual change was here, Yet ghastly.",3.024
02944,wavs/02944.wav,"But, with a final effort, as I sank weakly to my knees I hurled the nine thought waves at that awful thing before me.",7.867
02945,wavs/02945.wav,"Penetrate, at certain hours, past the livid face of a human being who is engaged in reflection, and look behind, gaze into that soul, gaze into that obscurity.",11.975
02946,wavs/02946.wav,His departure gave Catherine the first experimental conviction that a loss may be sometimes a gain.,6.482
02947,wavs/02947.wav,But I want to say one word before we sit down.,2.934
02948,wavs/02948.wav,"If he were to return and look after my affairs, I should both be more respected and show a better presence to the world.",7.693
02949,wavs/02949.wav,But owing to the mystery of the spout-whether it be water or whether it be vapor-no absolute certainty can as yet be arrived at on this head.,8.83
02950,wavs/02950.wav,"Before beating the whites, remove every particle of yolk.",3.623
02951,wavs/02951.wav,"My dear Doctor, it was his spirit, not his constitution, that he ventured on so boldly.",6.757
02952,wavs/02952.wav,"But the dining out, being, as I have stated, a constant element, does not in the least affect a comparative statement like this.",9.082
02953,wavs/02953.wav,This one is little more than a boy.,2.101
02954,wavs/02954.wav,What do you want me to say to you?,2.161
02955,wavs/02955.wav,And at their head was no less personage than Professor Beecher himself.,4.388
02956,wavs/02956.wav,They belonged to the tubercle kind which are peculiar to the Indian seas.,4.787
02957,wavs/02957.wav,Come my Lord let's goe.,1.619
02958,wavs/02958.wav,"Of course, you would have treated her kindly.",2.87
02959,wavs/02959.wav,"Loud I call to you, my love!",2.361
02960,wavs/02960.wav,No-I dasn't do it.,1.461
02961,wavs/02961.wav,"To find whether or not it was true, the chief called seven young men and sent them out to see.",6.3
02962,wavs/02962.wav,"He gave the reins to a Cossack, took off and handed over his felt coat, stretched his legs, and set his cap straight.",8.079
02963,wavs/02963.wav,"Miss Dawkins talked more than any one else, being determined to show that she bore her defeat gallantly.",6.616
02964,wavs/02964.wav,"As he spoke he sat down, and Telemachus threw his arms about his father and wept.",5.454
02965,wavs/02965.wav,"It was a very useful note, for it supplied them with fresh matter for thought and conversation during the rest of their lonely evening.",8.083
02966,wavs/02966.wav,But it is so very strange!,1.935
02967,wavs/02967.wav,"When I left, at nine o'clock, she was kneeling on the ground at the Doctor's feet, putting on his shoes and gaiters for him.",8.224
02968,wavs/02968.wav,You see how continually we are engaged there.,2.944
02969,wavs/02969.wav,Weitzel accompanied him to within a half a mile of the works.,3.938
02970,wavs/02970.wav,He dined with me on Wednesday.,1.861
02971,wavs/02971.wav,What have you against me now?,1.605
02972,wavs/02972.wav,The stranger's eyes seemed to be full of tears.,2.997
02973,wavs/02973.wav,He is not dead?,1.097
02974,wavs/02974.wav,"Old Barley was growling and swearing when we repassed his door, with no appearance of having ceased or of meaning to cease.",7.466
02975,wavs/02975.wav,"I am no more lonely than the loon in the pond that laughs so loud, or than Walden Pond itself.",6.531
02976,wavs/02976.wav,His wondering eyes showed that he knew not to what super-human beings he owed both fortune and life.,6.162
02977,wavs/02977.wav,"In London, also, on Saturday night there was a thunderstorm, and my brother reached Waterloo in a cab.",7.109
02978,wavs/02978.wav,"She mentioned nothing of what she had heard, or what she intended, at home.",4.935
02979,wavs/02979.wav,"If the devil were to enter this house, he would be allowed to do so.",4.199
02980,wavs/02980.wav,Heaven bless you and make you so!,1.972
02981,wavs/02981.wav,"Put me aside for ever,-you have done so, I well know,-but bestow yourself on some worthier person than Drummle.",8.448
02982,wavs/02982.wav,"The mother, being eyed after a certain fashion, held her tongue.",4.591
02983,wavs/02983.wav,But I'm not so fond of squealing.,2.335
02984,wavs/02984.wav,"Up, up, up he rose, clearing all but the topmost branches.",5.075
02985,wavs/02985.wav,"Oh, he's thrown himself down there in the passage.",3.653
02986,wavs/02986.wav,"He had in the highest degree a practical tenacity which Pierre lacked, and without fuss or strain on his part this set things going.",8.342
02987,wavs/02987.wav,That evening she expected several important personages who had to be made ashamed of their visits to the French theater and aroused to a patriotic temper.,9.206
02988,wavs/02988.wav,"Whenever I fell into a thoughtful state, this subject was sure to present itself, and all my uneasiness was sure to be redoubled.",8.923
02989,wavs/02989.wav,We know that in the castle.,1.666
02990,wavs/02990.wav,"Presently a soft, half-smothered sob came from Betty and it expressed such utter wretchedness that his heart melted.",7.601
02991,wavs/02991.wav,"Of the prodigy of all wraths, said others.",3.199
02992,wavs/02992.wav,"Many curious facts, rarely admitting of proof, are told us respecting the inheritance of disease or character from a remote ancestor.",9.111
02993,wavs/02993.wav,"With regard to legal matters, immediately after the fires he gave orders to find and execute the incendiaries.",7.786
02994,wavs/02994.wav,I hear great accounts of it.,1.644
02995,wavs/02995.wav,"And there are no half-way houses, no compromises, in a young man's creed.",5.749
02996,wavs/02996.wav,"Sucking, they scatter slowly.",2.34
02997,wavs/02997.wav,"Shelby, with as much sternness as he could command, under the circumstances.",5.365
02998,wavs/02998.wav,Events and time do not wait.,2.08
02999,wavs/02999.wav,"Lydgate, met him leading his horse along the Lowick road and giving his arm to Miss Vincy.",5.998
03000,wavs/03000.wav,Mother Hucheloup did not appear to understand very clearly the benefit which she was to derive from these reprisals made on her account.,8.259
03001,wavs/03001.wav,"He bowed, still not taking his eyes from the group of the dog and child.",4.982
03002,wavs/03002.wav,"The hill, crowned with wood, from which they had descended, receiving increased abruptness from the distance, was a beautiful object.",8.724
03003,wavs/03003.wav,In general the head steward made out to Pierre that his project of raising a regiment would ruin him.,6.063
03004,wavs/03004.wav,The second paradox leads up to some curious and interesting questions-How far can the mind control the body?,7.153
03005,wavs/03005.wav,The sun shone brightly as our friends turned their faces toward the Land of the South.,5.154
03006,wavs/03006.wav,"Drink now, and climb aboard.",2.384
03007,wavs/03007.wav,Why is your friendship so fatal to young men?,2.973
03008,wavs/03008.wav,"Round with it, round!",1.538
03009,wavs/03009.wav,"I could see a change in my uncle, however.",3.153
03010,wavs/03010.wav,Her pointed freckled face and solemn gray eyes peered back at her.,4.019
03011,wavs/03011.wav,"We had been squabbling continually for years, and I hated him.",4.201
03012,wavs/03012.wav,"He soliloquized the while, for it is an error to suppose that the soliloquy is unnatural.",5.641
03013,wavs/03013.wav,Ask that demagogue of a Marius if he is not the slave of that little tyrant of a Cosette.,5.935
03014,wavs/03014.wav,"There was a party of visitors expected out from town, and after the concert a supper was to be given to the performers.",7.8
03015,wavs/03015.wav,"Increase its size fivefold or tenfold, give it strength proportionate to its size, lengthen its destructive weapons, and you obtain the animal required.",10.815
03016,wavs/03016.wav,He was a foeman worthy of her steel.,2.378
03017,wavs/03017.wav,You can't bribe me.,1.293
03018,wavs/03018.wav,I have tidings for him.,1.487
03019,wavs/03019.wav,I have no abilities.,1.442
03020,wavs/03020.wav,"After a time he would give up once more, on the plea that he had not got Cobbs's bill, or Lobbs's, or Nobbs's, as the case might be.",9.839
03021,wavs/03021.wav,During the months of March and April this same force under Forrest annoyed us considerably.,5.545
03022,wavs/03022.wav,His wife held down her knitting and looked attentive.,2.95
03023,wavs/03023.wav,"Meanwhile Ulysses and the others passed out of the town and soon reached the fair and well-tilled farm of Laertes, which he had reclaimed with infinite labour.",9.673
03024,wavs/03024.wav,Pierre gazed now with dazed eyes at these sharpshooters who ran in couples out of the circle.,5.635
03025,wavs/03025.wav,"To be safe, we'll use your local system as a working example.",4.217
03026,wavs/03026.wav,"Scroll-wise coiled forwards beneath the body, and then rapidly sprung backwards, it is this which gives that singular darting, leaping motion to the monster when furiously swimming.",12.034
03027,wavs/03027.wav,I am too old to care about remaining here at the beck and call of a master.,4.851
03028,wavs/03028.wav,Indeed he has no improper pride.,2.396
03029,wavs/03029.wav,"Miss Douce, engaging, Lydia Douce, bowed to suave solicitor, George Lidwell, gentleman, entering.",7.915
03030,wavs/03030.wav,"Because you were lost for love of me, I shall never marry.",3.729
03031,wavs/03031.wav,"As their retreating footsteps died away in the distance, I called out softly the Martian word of greeting, kaor.",7.586
03032,wavs/03032.wav,"Tom, who was listening in the outer verandah, was drawn by the sound to the very door, where he stood earnestly.",7.681
03033,wavs/03033.wav,Only that was what I felt when I lived with them.,3.057
03034,wavs/03034.wav,"His eyes twinkled, and there was even a touch of colour upon his sallow cheeks.",5.463
03035,wavs/03035.wav,"The imitation is of actions voluntary or involuntary, in which there is an expectation of a good or bad result, and present experience of pleasure and pain.",10.817
03036,wavs/03036.wav,"It seemed to him that these distant splendors, far from dissipating his night, rendered it more funereal and more black.",7.523
03037,wavs/03037.wav,"These shutters were divided into long, narrow slats, and they masked the entire length of the grating.",6.961
03038,wavs/03038.wav,"Why, cousin, that mother has been all that has stood between me and utter unbelief for years.",6.152
03039,wavs/03039.wav,She had not thought of coffee nor of anything.,2.902
03040,wavs/03040.wav,Rachel was one of those who had begged them to continue.,3.505
03041,wavs/03041.wav,I have observed his face.,1.672
03042,wavs/03042.wav,"Rochester had such a direct way of giving orders, it seemed a matter of course to obey him promptly.",6.827
03043,wavs/03043.wav,"To bear with them, and to forbear to do them any wrong.",3.712
03044,wavs/03044.wav,"There seemed to be few, if any, abstract terms, or little use of figurative language.",6.465
03045,wavs/03045.wav,He is as brave as a bulldog and as tenacious as a lobster if he gets his claws upon anyone.,6.562
03046,wavs/03046.wav,"How should one best advance to meet him, keeping the ranks?",4.152
03047,wavs/03047.wav,"Elizabeth could not refuse, though she foresaw little pleasure in the visit.",4.697
03048,wavs/03048.wav,"They were wiry, rangy men, young, yet somehow old.",4.289
03049,wavs/03049.wav,He had no curiosity.,1.661
03050,wavs/03050.wav,Wetzel had been persuaded to come.,2.18
03051,wavs/03051.wav,There no longer existed in her anything more than the ashes of affection for her husband.,5.568
03052,wavs/03052.wav,And he wants it copied if it's not too late I told councillor Nannetti from the Kilkenny People.,5.762
03053,wavs/03053.wav,Whereupon the brother told him the whole story.,2.793
03054,wavs/03054.wav,Want to find museums that might have online displays from their exhibits?,4.603
03055,wavs/03055.wav,"I could distinguish her features, which the water had not decomposed, by the brilliant light from the Nautilus.",7.034
03056,wavs/03056.wav,Marianne was quite angry with her for doubting it.,3.06
03057,wavs/03057.wav,"From General Wintzingerode's reports, I see that an enemy corps of ten thousand men is moving on the Petersburg road.",7.729
03058,wavs/03058.wav,"They were girls of fourteen, always clad in the Virgin's colors, blue and white, having been dedicated to the Blessed Virgin at their baptism.",9.64
03059,wavs/03059.wav,"I'll tell you, I do.",1.782
03060,wavs/03060.wav,A young white heifer.,1.318
03061,wavs/03061.wav,You are certainly brave foes.,1.952
03062,wavs/03062.wav,Which of the two goes first?,1.825
03063,wavs/03063.wav,"Rabbit was nearly crazy with pain, and screamed and cried.",4.309
03064,wavs/03064.wav,"Hare could not bring himself to face the light and heat, and he stopped at a wind- worn cave under a shelving rock.",6.918
03065,wavs/03065.wav,"I seem to have been carrying the licence about, in my pocket, many months.",5.153
03066,wavs/03066.wav,"When Arthur again turned to her, butting her as a lamb butts a ewe, Hewet and Rachel retreated without a word.",7.042
03067,wavs/03067.wav,He loosed Hare and strode in magnificent wrath over Holderness and raised his brawny fists.,5.697
03068,wavs/03068.wav,During his youth he had been employed in the convict establishments of the South.,4.792
03069,wavs/03069.wav,"Princess Mary heard his words but they had no meaning for her, except as a proof of how far away he now was from everything living.",8.51
03070,wavs/03070.wav,The pity of it! the pity of it!,2.49
03071,wavs/03071.wav,"Be thou ashamed that I have took upon me Such an immodest raiment, if shame live In a disguise of love.",7.212
03072,wavs/03072.wav,"She went down and led them out of the sun, scolding the quadroon for not being more attentive.",5.639
03073,wavs/03073.wav,He would not call in a doctor.,1.914
03074,wavs/03074.wav,Keep a trot for the avenue.,1.784
03075,wavs/03075.wav,Absence of Batrachians and of terrestrial Mammals.,3.161
03076,wavs/03076.wav,"Hubble, commiserating my sister.",2.297
03077,wavs/03077.wav,"Yet he whom it describes scarcely impressed one with the idea of a gentle, a yielding, an impressible, or even of a placid nature.",9.024
03078,wavs/03078.wav,"His soul throbbed,-his home was in sight,-and the hour of release seemed at hand.",5.578
03079,wavs/03079.wav,You see this hell from which you have just emerged is the first form of heaven.,4.764
03080,wavs/03080.wav,Those who find beautiful meanings in beautiful things are the cultivated.,4.352
03081,wavs/03081.wav,Poor stupid dupe!-Could not even self-interest make you wiser?,5.032
03082,wavs/03082.wav,"But the servant, who was well disposed to the huntsmen, went to them, and disclosed the project.",6.307
03083,wavs/03083.wav,"You drain me of money till I have got nothing to pacify her with, and she'll do as she threatens some day.",6.944
03084,wavs/03084.wav,"Set two-thirds in a cool place, flavoring it with vanilla.",4.036
03085,wavs/03085.wav,"It was the first time in her life that Rosamond had thought of doing anything in the form of business, but she felt equal to the occasion.",8.189
03086,wavs/03086.wav,You would not have come here were you mean.,2.424
03087,wavs/03087.wav,Marks was the only one who remained wholly untouched.,3.309
03088,wavs/03088.wav,The old man was gently pained by this.,2.728
03089,wavs/03089.wav,I knew you wouldn't care.,1.763
03090,wavs/03090.wav,I wondered whether the stillness on the face of the immensity looking at us two were meant as an appeal or as a menace.,6.827
03091,wavs/03091.wav,"Miss Stoner did so, and Holmes, after a careful examination through the open window, endeavoured in every way to force the shutter open, but without success.",11.881
03092,wavs/03092.wav,I would send you a wire.,1.584
03093,wavs/03093.wav,It was now her darling object.,2.264
03094,wavs/03094.wav,"But the new Indian guide could see like a cat, and led the party along paths they never could have found by themselves.",7.348
03095,wavs/03095.wav,A rigged vessel would have been entangled in the blocked up gorges.,3.837
03096,wavs/03096.wav,"This then is life, Here is what has come to the surface after so many throes and convulsions.",6.562
03097,wavs/03097.wav,Prince Andrew's joyous feeling was considerably weakened as he approached the door of the minister's room.,6.149
03098,wavs/03098.wav,But never mind her.,1.333
03099,wavs/03099.wav,"I was not aware of the reasons for this course, and therefore strongly recommended him for a major-generalcy.",7.015
03100,wavs/03100.wav,So you may think what a blow it was to all her vanity and pride.,3.866
03101,wavs/03101.wav,On the left there was water-a great river-and on the right a porch.,3.676
03102,wavs/03102.wav,Several times he addressed a prayer to God that the wolf should come his way.,4.862
03103,wavs/03103.wav,"He plays false, father.",2.104
03104,wavs/03104.wav,And were they good boys at school?,1.919
03105,wavs/03105.wav,"Six horses were yoked to it, whereas the others were furnished with two, or, at most, four a-piece.",7.446
03106,wavs/03106.wav,As he did so the dark face of Miller turned full toward him.,3.784
03107,wavs/03107.wav,I thought I had not heard aright.,1.954
03108,wavs/03108.wav,It was entirely empty.,1.697
03109,wavs/03109.wav,O'Molloy strolled to the sloping desk and began to turn back the pink pages of the file.,5.675
03110,wavs/03110.wav,"It was not a brutal countenance, but it was prim, hard, and stern, with a firm-set, thin-lipped mouth, and a coldly intolerant eye.",9.795
03111,wavs/03111.wav,"For so we may be allowed to speak, though the age and government of the world, be to some certain periods of time limited, and confined.",8.755
03112,wavs/03112.wav,These men watched me pass.,1.93
03113,wavs/03113.wav,Why had they chosen all that part?,2.341
03114,wavs/03114.wav,Then outspake medical Dick to his comrade medical Davy.,3.86
03115,wavs/03115.wav,"Burnside will move on the plank road to the intersection of it with the Orange and Fredericksburg plank road, then follow Sedgwick to his place of destination.",9.804
03116,wavs/03116.wav,"No doubt errors will have crept in, though I hope I have always been cautious in trusting to good authorities alone.",7.136
03117,wavs/03117.wav,"In old Norse times, the thrones of the sea-loving Danish kings were fabricated, saith tradition, of the tusks of the narwhale.",9.024
03118,wavs/03118.wav,He grows more interesting hourly.,2.155
03119,wavs/03119.wav,Settle my hat straight.,1.428
03120,wavs/03120.wav,Impulses depend on the first chance word.,2.697
03121,wavs/03121.wav,Then your wife will.,1.24
03122,wavs/03122.wav,A faint echo of his love came back to him.,2.826
03123,wavs/03123.wav,Then she presented her brow to Jean Valjean.,3.166
03124,wavs/03124.wav,Betty looked up into his face and tears of compassion filled her eyes.,4.304
03125,wavs/03125.wav,De way me do wid your letter was dis.,2.377
03126,wavs/03126.wav,"And he that pursueth after pleasures, will not spare, to compass his desires, to do that which is unjust, and that is manifestly impious.",10.093
03127,wavs/03127.wav,"He was so much too big for Tellson's, that old clerks in distant corners looked up with looks of remonstrance, as though he squeezed them against the wall.",10.221
03128,wavs/03128.wav,Several shopkeepers crowded round the officer.,3.409
03129,wavs/03129.wav,You'll be joining a growing community of millions of people around the world who use this global resource on a daily basis.,7.292
03130,wavs/03130.wav,"When I got down stairs in the morning the parlor was shut up, and the watchers was gone.",5.382
03131,wavs/03131.wav,Let them not hope to taste it!,1.813
03132,wavs/03132.wav,"Enraged with almost everybody in the world but himself, he set out the next day for the abbey, where his performances have been seen.",8.495
03133,wavs/03133.wav,"I might a been good, like Sid, if I'd a tried-but no, I wouldn't, of course.",5.962
03134,wavs/03134.wav,I do not think that good young girls should see such things.,3.746
03135,wavs/03135.wav,"Shelby was busy in counting some bundles of bills, which, as they were counted, he pushed over to the trader, who counted them likewise.",9.498
03136,wavs/03136.wav,Two days in succession!,1.469
03137,wavs/03137.wav,"I make that little observation for my own benefit, gentlemen.",4.143
03138,wavs/03138.wav,He threw it on the road.,1.351
03139,wavs/03139.wav,"They started toward us on a wild run, but were checked by a signal from him.",5.063
03140,wavs/03140.wav,What a nervy thing to do in the face of all those redskins.,3.809
03141,wavs/03141.wav,"Cadwallader says it is nonsense, people going a long journey when they are married.",5.591
03142,wavs/03142.wav,"Laurie came every day, and wheedled Aunt March till Amy was allowed to go out with him, when they walked and rode and had capital times.",8.903
03143,wavs/03143.wav,The Captain pressed an electric clock three times.,3.417
03144,wavs/03144.wav,"It took four days to go up this canal, and it was so wide that two triremes could go abreast.",5.997
03145,wavs/03145.wav,That would soon get distorted.,1.94
03146,wavs/03146.wav,And Combeferre restricted himself to replying with a grave smile.,4.22
03147,wavs/03147.wav,Marley's Ghost bothered him exceedingly.,2.52
03148,wavs/03148.wav,"I am here obliged to vindicate the reputation of an excellent lady, who was an innocent sufferer upon my account.",7.08
03149,wavs/03149.wav,Nothing but an extreme love of truth could have hindered me from concealing this part of my story.,5.865
03150,wavs/03150.wav,"I began looking at her more intently and, as it were, with effort.",4.772
03151,wavs/03151.wav,"Unconsciously imitating her father, she now tried to express herself as he did, as much as possible by signs, and her tongue too seemed to move with difficulty.",11.539
03152,wavs/03152.wav,It was still quite dark outside.,2.212
03153,wavs/03153.wav,"I prefer light eyes, and as to complexion-do you know-I like a sallow better than any other.",5.891
03154,wavs/03154.wav,"I heard that he went to a dentist's in London on the Monday morning, and had a tooth out.",5.283
03155,wavs/03155.wav,Then Mescal entered and took the seat next to him.,3.115
03156,wavs/03156.wav,And then he realized that when they returned to the camp-fire they seemed freed from this spell of the desert.,6.238
03157,wavs/03157.wav,They make one's rooms look so picturesque.,2.751
03158,wavs/03158.wav,I'm going to bed.,1.228
03159,wavs/03159.wav,There are always people who ask nothing better than to become spectators.,4.74
03160,wavs/03160.wav,Dorothy blew the little whistle she had always carried about her neck since the Queen of the Mice had given it to her.,6.402
03161,wavs/03161.wav,"The invigorating air did them both good, and much exercise worked wholesome changes in minds as well as bodies.",7.773
03162,wavs/03162.wav,You tried it in the Consistory.,2.024
03163,wavs/03163.wav,From these points of vantage they kept up an uninterrupted fire.,4.18
03164,wavs/03164.wav,"In all people I see myself, none more and not one a barley-corn less, And the good or bad I say of myself I say of them.",8.607
03165,wavs/03165.wav,"Over the head of the bed was an alabaster bracket, on which a beautiful sculptured angel stood, with drooping wings, holding out a crown of myrtle-leaves.",10.656
03166,wavs/03166.wav,On three sides were his hated foes and on the remaining side--the abyss.,5.167
03167,wavs/03167.wav,It was very awful.,1.212
03168,wavs/03168.wav,"I drove along slowly, weighing in my own mind what it was best to do.",4.975
03169,wavs/03169.wav,"Farewell dear mate, dear love!",2.377
03170,wavs/03170.wav,Mary need not have feared her sister's being in any degree prepared for the news.,4.909
03171,wavs/03171.wav,You are not serious.,1.28
03172,wavs/03172.wav,The shadow of an enormous right is projected athwart Waterloo.,4.058
03173,wavs/03173.wav,Porter represented to him that he had sent to Beaufort for more ammunition.,4.25
03174,wavs/03174.wav,"If you want to join a discussion, you have to decide if you want to include portions of the message you are responding to in your message.",8.18
03175,wavs/03175.wav,"Rachel followed her, and they walked in silence down the avenue.",4.42
03176,wavs/03176.wav,"Me, a married woman!",1.78
03177,wavs/03177.wav,Why what have you thought of yourself?,2.182
03178,wavs/03178.wav,"He that would not have such things to happen, is as he that would have the fig-tree grow without any sap or moisture.",7.397
03179,wavs/03179.wav,"Boys were to her, when she thought about them at all, merely possible good comrades.",5.867
03180,wavs/03180.wav,"All night long I have seen white things, and persons who smiled at me.",5.196
03181,wavs/03181.wav,"When eleven struck, the measured beat of the great church clock seemed to sound the dirge of our hopes.",6.201
03182,wavs/03182.wav,He saw very well that he could not escape death.,3.177
03183,wavs/03183.wav,"As for Cosette, she had had Toussaint take some broth to her room, and did not make her appearance until evening.",7.109
03184,wavs/03184.wav,"Four eggs, one and one-half cups sugar, two tablespoons water, two cups flour, two teaspoons baking powder.",8.539
03185,wavs/03185.wav,"But tell me, wench, how will the world repute me For undertaking so unstaid a journey?",6.097
03186,wavs/03186.wav,In her face there was none of the ever-glowing animation that had formerly burned there and constituted its charm.,6.84
03187,wavs/03187.wav,"Piozzi's recollections of Johnson, and looked up with the fun still in her face.",5.347
03188,wavs/03188.wav,"There was a good fire in the room, and a breathless smell of warm black crape--I did not know what the smell was then, but I know now.",8.824
03189,wavs/03189.wav,Afraid to be alone like a child of two.,2.806
03190,wavs/03190.wav,This was two days after the date on which Dinah had been carried off.,4.59
03191,wavs/03191.wav,Everybody seems to imagine that being taken prisoner means being Napoleon's guest.,5.141
03192,wavs/03192.wav,Even now her self-command is invariable.,2.817
03193,wavs/03193.wav,"Gwendolen, you will accompany me.",2.35
03194,wavs/03194.wav,"Elinor could not hear the declaration, nor witness its proofs without sometimes wondering whether her mother ever recollected Edward.",8.43
03195,wavs/03195.wav,"There was some hope in this piece of wisdom, and it rather encouraged me.",4.829
03196,wavs/03196.wav,They were no more like the Martians I saw in action than a Dutch doll is like a human being.,5.433
03197,wavs/03197.wav,I do not reckon the Hayters as anybody.,2.384
03198,wavs/03198.wav,"Born of a hard-tempered sire, on whom that gentle woman had wasted a world of unvalued love, Legree had followed in the steps of his father.",9.37
03199,wavs/03199.wav,"The Colonel, too!-perhaps scarcely less an object of pity!-Oh!-how slow was the progress of time which yet kept them in ignorance!",11.213
03200,wavs/03200.wav,"Ned Land was soon asleep, and what astonished me was that Conseil went off into a heavy slumber.",6.383
03201,wavs/03201.wav,"It was not a council of war, but, as it were, a council to elucidate certain questions for the Emperor personally.",8.427
03202,wavs/03202.wav,Keep your fingers from that bitter phalanx of vials.,3.377
03203,wavs/03203.wav,I felt the shock again.,1.673
03204,wavs/03204.wav,But Queequeg is already known.,2.049
03205,wavs/03205.wav,It is not quite a week since they left Brighton.,2.798
03206,wavs/03206.wav,"Oh, Frankenstein, be not equitable to every other and trample upon me alone, to whom thy justice, and even thy clemency and affection, is most due.",11.164
03207,wavs/03207.wav,I pursued wanderings as wild as those of the March-spirit.,4.257
03208,wavs/03208.wav,"Weston, upon his behaviour to whom her opinion of him was to depend.",4.5
03209,wavs/03209.wav,Lenehan's lips over the counter lisped a low whistle of decoy.,3.925
03210,wavs/03210.wav,I am sorry I sat for it.,1.729
03211,wavs/03211.wav,I see the imprudence of it.,1.617
03212,wavs/03212.wav,No one knew more than that.,1.397
03213,wavs/03213.wav,"Nevertheless she lay gazing at the same spot, and paid him no further attention although he spoke to her.",7.007
03214,wavs/03214.wav,The White Prophet wishes to save them if he can.,3.035
03215,wavs/03215.wav,"He said he had seen Ulysses with Idomeneus among the Cretans, refitting his ships which had been damaged in a gale.",7.865
03216,wavs/03216.wav,"It is because I know everything about his life, not because he knows anything about mine.",5.725
03217,wavs/03217.wav,"Prescriptions poured in from all quarters, and as usual, were all declined.",5.364
03218,wavs/03218.wav,Her hair clustered round her face like dark leaves round a pale rose.,4.831
03219,wavs/03219.wav,Rockbottom figure and cheap at the price.,2.726
03220,wavs/03220.wav,"She is waiting for you to charm her, and if you play she will come closer to the earth.",5.218
03221,wavs/03221.wav,Good morrow to your Majestie.,1.874
03222,wavs/03222.wav,I didn't hear what Harry said.,1.941
03223,wavs/03223.wav,"The whole thing was compact, overwhelming, and misshapen.",4.11
03224,wavs/03224.wav,Lynch and Kitty and Zoe stampede from the room.,3.098
03225,wavs/03225.wav,"I was always being disappointed, for I got none.",3.424
03226,wavs/03226.wav,There must be a thousand on the bench.,2.33
03227,wavs/03227.wav,You don't imagine I let him arrange my room for me?,3.107
03228,wavs/03228.wav,I've recited so often in public I don't mind at all now.,4.179
03229,wavs/03229.wav,"So we would put in the day, lazying around, listening to the stillness.",4.83
03230,wavs/03230.wav,Donnybrook fair more in their line.,2.428
03231,wavs/03231.wav,"Before he was gotten in, he fainted entirely.",3.489
03232,wavs/03232.wav,"That is serious, very serious.",2.5
03233,wavs/03233.wav,I think you might have telegraphed for me when you heard of it first.,4.211
03234,wavs/03234.wav,"She had been at Bath the year before, and Lady Russell had heard her spoken of as a charming woman.",6.285
03235,wavs/03235.wav,"In one thousand, seven hundred and seventy-six its name was changed to Fort Henry, in honor of Patrick Henry.",7.446
03236,wavs/03236.wav,"Anarchy is the law, not of the State only, but of private houses, and extends even to the animals.",7.412
03237,wavs/03237.wav,All this passed in a few seconds.,2.358
03238,wavs/03238.wav,It was some seconds before she could get out the single word 'Yes'-and when it did come it was in a husky unnatural tone.,7.822
03239,wavs/03239.wav,He let the kindly suppositions pass.,2.695
03240,wavs/03240.wav,"Locock, has the appearance of being an intermediate draft, and also the first copy made.",6.242
03241,wavs/03241.wav,"Your command will either carry the rifle-pits and ridge directly in front of them, or move to the left, as the presence of the enemy may require.",9.281
03242,wavs/03242.wav,"Say, how long are you going to stay here?",2.981
03243,wavs/03243.wav,"He drank resignedly from his tumbler, running his fingers down the flutes.",4.801
03244,wavs/03244.wav,"As a man sows, so shall he reap.",2.622
03245,wavs/03245.wav,It is surely inconceivable that he could have held out upon the moor during all that time.,5.205
03246,wavs/03246.wav,But Nancy's Sunday thoughts were rarely quite out of keeping with the devout and reverential intention implied by the book spread open before her.,8.839
03247,wavs/03247.wav,Then he will no more have true opinion than he will have knowledge about the goodness or badness of his imitations?,6.989
03248,wavs/03248.wav,Chance had thrown me just by the most precious specimens of the zoophyte.,4.597
03249,wavs/03249.wav,"Doubtless Catherine marked the difference between her friends, as one came in and the other went out.",5.88
03250,wavs/03250.wav,The enthusiasm of a woman's love is even beyond the biographer's.,4.516
03251,wavs/03251.wav,"They were wholly deaf to my arguments, or failed to perceive their force, and fell into a strain of invective that was irresistible.",8.66
03252,wavs/03252.wav,"If there's anybody with you, let him keep back-if he shows himself he'll be shot.",5.302
03253,wavs/03253.wav,"Pontellier found altogether natural in a young fellow about to seek fortune and adventure in a strange, queer country.",7.799
03254,wavs/03254.wav,And we may guess that somewhere in the intercourse of the citizens with one another justice and injustice will appear.,7.063
03255,wavs/03255.wav,The inherited stupidity of the race-sound English common sense he jovially termed it-was shown to be the proper bulwark for society.,8.339
03256,wavs/03256.wav,George Roberts is doing the commercial part.,2.867
03257,wavs/03257.wav,"No, it was not the wine.",1.981
03258,wavs/03258.wav,"You see, it isn't like any ordinary convict.",3.43
03259,wavs/03259.wav,"So he patiently broke twig after twig till he had made a little hole through which he peeped, saying imploringly, 'Let me in!",7.825
03260,wavs/03260.wav,You will see visions.,1.464
03261,wavs/03261.wav,Just during the service.,1.547
03262,wavs/03262.wav,"All around the figure he saw marks of buffalo hoofs, also marked upon the wall.",5.716
03263,wavs/03263.wav,There was the trampling of myriad feet and the low buzz of voices.,4.021
03264,wavs/03264.wav,Many thoughts cheered him at that time-and justly.,3.368
03265,wavs/03265.wav,I remember nothing until I found myself lying on my bed trembling all over.,5.031
03266,wavs/03266.wav,"My uncle is not pleased with the idea of a military career in a distant country, but Ernest never had your powers of application.",8.334
03267,wavs/03267.wav,The child's name was Euphrasie.,2.114
03268,wavs/03268.wav,"No-sirree-bob, they ain't no trouble 'bout that speculation, you bet you.",5.297
03269,wavs/03269.wav,"The last time I delivered it was in the Cathedral, as a charity sermon on behalf of the Society for the Prevention of Discontent among the Upper Orders.",9.505
03270,wavs/03270.wav,It would be childish.,1.352
03271,wavs/03271.wav,"He rose and quitted the room with my nurse, and in a moment my father entered it.",5.3
03272,wavs/03272.wav,"Clare had been sitting, during the whole time, with his hand shading his eyes, in the same attitude.",6.729
03273,wavs/03273.wav,"When he made Pontmercy's acquaintance, this sympathy had existed between the colonel and himself-that what the colonel did for flowers, he did for fruits.",9.695
03274,wavs/03274.wav,Dixon! very true indeed.,2.598
03275,wavs/03275.wav,Cruncher's conclusion after a protracted but vain endeavour to find a better one.,5.192
03276,wavs/03276.wav,Who did you learn that from?,1.503
03277,wavs/03277.wav,"Savage though he was, and hideously marred about the face-at least to my taste-his countenance yet had a something in it which was by no means disagreeable.",9.806
03278,wavs/03278.wav,Woodhouse for some time.,1.598
03279,wavs/03279.wav,The man was dying-dying from hunger and from thirst.,3.481
03280,wavs/03280.wav,"And, besides, a body couldn't breathe and hear such talk.",4.221
03281,wavs/03281.wav,"He had hardly touched the ground when they both struck him with their bows, winning first and second honors by striking an enemy after he has fallen.",9.289
03282,wavs/03282.wav,He had burst one rifle and disabled another.,3.032
03283,wavs/03283.wav,Something about online communications seems to make some people particularly irritable.,5.359
03284,wavs/03284.wav,"She was a little occupied in weighing her own feelings, and trying to understand the degree of her agitation, which she rather thought was considerable.",9.127
03285,wavs/03285.wav,"And then, her air, her manner, her tout ensemble, is so indescribably improved!",6.353
03286,wavs/03286.wav,"To that I must entirely change my point of view and study the laws of the movement of steam, of the bells, and of the wind.",8.023
03287,wavs/03287.wav,"Grant's carriage and horses out to take her home, with which she was threatened.",4.839
03288,wavs/03288.wav,He bent down to regard a lean file of spearmint growing by the wall.,4.671
03289,wavs/03289.wav,It makes me tired to follow it.,2.201
03290,wavs/03290.wav,"Javert, who had come up at the moment of the accident, had sent for a jack-screw.",5.401
03291,wavs/03291.wav,Then was heard--'He who judged let him be brought To judgement! blood for blood cries from the soil two thousand On which his crimes have deep pollution wrought!,10.665
03292,wavs/03292.wav,That face was not wholly unknown to Marius.,2.996
03293,wavs/03293.wav,Hence we can understand the rule that the most ancient fossils differ most from existing forms.,6.088
03294,wavs/03294.wav,Poor Charlotte! it was melancholy to leave her to such society!,5.1
03295,wavs/03295.wav,"I enlarged upon many other topics, which the natural desire of endless life, and sublunary happiness, could easily furnish me with.",9.478
03296,wavs/03296.wav,"In the first place we should be extremely cautious in inferring, because an area is now continuous, that it has been continuous during a long period.",9.676
03297,wavs/03297.wav,"But it does not signify, the nights are moonlight, and we shall do delightfully.",5.299
03298,wavs/03298.wav,To what inconsequent polysyllabic question of his host did the guest return a monosyllabic negative answer?,7.035
03299,wavs/03299.wav,"He died in the road at the foot of Brister's Hill shortly after I came to the woods, so that I have not remembered him as a neighbor.",7.871
03300,wavs/03300.wav,I have a high respect for your nerves.,2.61
03301,wavs/03301.wav,Quickly and cleverly she dissembled the astonishment she felt at seeing La Folle.,5.002
03302,wavs/03302.wav,"Some mail servers use different software, which will require slightly different commands than the ones listed here.",6.994
03303,wavs/03303.wav,The master's bad ways and bad companions formed a pretty example for Catherine and Heathcliff.,6.153
03304,wavs/03304.wav,"He has other matters in his mind which he would not reveal even to his friends, but only to himself, and that in secret.",8.336
03305,wavs/03305.wav,Yet this world without us is still a world of ideas.,3.485
03306,wavs/03306.wav,"She had all that people are valued for, but little that could have made him love her.",5.211
03307,wavs/03307.wav,"In this state, the waiter's dismal intelligence about the ships immediately connected itself, without any effort of my volition, with my uneasiness about Ham.",10.335
03308,wavs/03308.wav,"The cannonade was dying down, but the rattle of musketry behind and on the right sounded oftener and nearer.",6.678
03309,wavs/03309.wav,"I looked away down-stream, and seen a black speck on the water.",4.503
03310,wavs/03310.wav,He bumped around the room and finally found the tripe water bucket.,4.045
03311,wavs/03311.wav,When he stood before the maiden he folded his arms and waited for her to speak.,4.873
03312,wavs/03312.wav,"The next state-room to Cassy's was occupied by a French lady, named De Thoux, who was accompanied by a fine little daughter, a child of some twelve summers.",10.582
03313,wavs/03313.wav,"An estate of at least equal value, moreover, was assured as his future inheritance.",6.223
03314,wavs/03314.wav,Several dark forms rose so suddenly that they appeared to spring out of the ground.,5.284
03315,wavs/03315.wav,"I think that, henceforth, nothing but some extraordinary jarring of that chord could renew it.",6.384
03316,wavs/03316.wav,"Tell her, to-night, what you know of her danger as involving her child and her father.",5.621
03317,wavs/03317.wav,"For if old age were the cause, I too being old, and every other old man, would have felt as they do.",7.063
03318,wavs/03318.wav,"Periboea was the youngest daughter of Eurymedon, who at one time reigned over the giants, but he ruined his ill-fated people and lost his own life to boot.",9.788
03319,wavs/03319.wav,But I do not clearly understand the change in the order.,3.523
03320,wavs/03320.wav,"Even broken in spirit as he is, no one can feel more deeply than he does the beauties of nature.",6.333
03321,wavs/03321.wav,"Alexander the Sixth, in wishing to aggrandize the duke, his son, had many immediate and prospective difficulties.",8.015
03322,wavs/03322.wav,O amazement of things--even the least particle!,3.334
03323,wavs/03323.wav,"When they prayed for those who hate us, she tried to think of her enemies and people who hated her, in order to pray for them.",7.293
03324,wavs/03324.wav,"Coming down somewhat later than usual, I saw, by the sunbeams piercing the chinks of the shutters, Miss Catherine still seated near the fireplace.",9.778
03325,wavs/03325.wav,And here's his leg!,1.384
03326,wavs/03326.wav,Rachel was among the first to descend.,2.439
03327,wavs/03327.wav,No one has any notion of what he is eating or drinking or saying.,4.049
03328,wavs/03328.wav,"But Miss Barry was pleased, and she stood on her veranda and watched the buggy out of sight.",5.921
03329,wavs/03329.wav,"The combatants, as they went and came, moved about there like black forms.",5.102
03330,wavs/03330.wav,She spake in language whose strange melody Might not belong to earth.,4.596
03331,wavs/03331.wav,"He waited, straining to catch a sound.",2.725
03332,wavs/03332.wav,"Father Conmee doffed his silk hat and smiled, as he took leave, at the jet beads of her mantilla inkshining in the sun.",8.107
03333,wavs/03333.wav,"In writing it down I feel with only too much keenness the inadequacy of pen and ink-and, above all, my own inadequacy-to express its quality.",10.031
03334,wavs/03334.wav,The morse bore a seraph's head in gold-thread raised work.,3.774
03335,wavs/03335.wav,"The company assembled in the long salle a manger, that evening, was such as one sees nowhere but on the Continent.",7.685
03336,wavs/03336.wav,It was evident that the cadet was liberal with his tips and that it paid to serve him.,4.748
03337,wavs/03337.wav,Madeleine's chamber until he rose in the morning.,2.852
03338,wavs/03338.wav,Berg was sitting beside the countess consoling her with the respectful attention of a relative.,5.902
03339,wavs/03339.wav,"There was in the English infantry, particularly in Kempt's brigade, a great many raw recruits.",6.328
03340,wavs/03340.wav,A singular and violent group made its appearance on the threshold.,3.838
03341,wavs/03341.wav,"These last now hoist the bucket within grasp of the Indian, to whom another person has reached up a very long pole.",8.042
03342,wavs/03342.wav,I shall never forget her appearance this morning.,2.568
03343,wavs/03343.wav,"Bulstrode's thought was busy, and he was not a man to act or speak rashly.",5.402
03344,wavs/03344.wav,"The consequence was, that it did not reach her before the lapse of three days.",5.191
03345,wavs/03345.wav,"Whatever might be its effect, however, she must stand the brunt of it again that very day.",5.99
03346,wavs/03346.wav,"Thus Celia, mutely bending over her tapestry, until she heard her sister calling her.",6.245
03347,wavs/03347.wav,"I enjoyed this scene, and yet my enjoyment was embittered both by the memory of the past and the anticipation of the future.",7.442
03348,wavs/03348.wav,"Madame Lebrun might have enjoyed the outing, but for some reason Edna did not want her.",5.511
03349,wavs/03349.wav,"Bestow on an individual the useless and deprive him of the necessary, and you have the gamin.",5.778
03350,wavs/03350.wav,Respect for a galley-slave-is that a possible thing?,3.253
03351,wavs/03351.wav,"Soup, joint and sweet.",1.869
03352,wavs/03352.wav,I won't be deceived and plagued and made a fool of.,2.901
03353,wavs/03353.wav,Uncle Tom was much in Eva's room.,2.247
03354,wavs/03354.wav,"The soldiers were silent, and looked at Alice, as the question was evidently meant for her.",5.966
03355,wavs/03355.wav,"In former times we had voices in the chapter, even on matters of the day.",5.087
03356,wavs/03356.wav,"His boat's crew were all in high excitement, eagerly helping their chief, and looking as anxious as gold-hunters.",7.547
03357,wavs/03357.wav,"Selfishly dear as she had long been to Lady Bertram, she could not be parted with willingly by her.",6.493
03358,wavs/03358.wav,"He is in Highbury every now and then, and he is sure to ride through every week in his way to Kingston.",6.354
03359,wavs/03359.wav,"What if in this interval the race had lost its manliness, and had developed into something inhuman, unsympathetic, and overwhelmingly powerful?",9.715
03360,wavs/03360.wav,"You are wet, and you look weary.",2.127
03361,wavs/03361.wav,"Jo blundered into a wrong message in one of your Father's letters, and I made her tell me.",5.665
03362,wavs/03362.wav,"August cautioned Jack to step stealthily, and slip from cedar to cedar, to use every bunch of sage and juniper to hide his advance.",9.19
03363,wavs/03363.wav,I had not a little relied upon Queequeg's sagacity to point out the whaler best fitted to carry us and our fortunes securely.,8.026
03364,wavs/03364.wav,What the deuce! let us go to the bottom of it!,3.459
03365,wavs/03365.wav,We are the lads to hunt him up his whale!,2.545
03366,wavs/03366.wav,"Moncrieff, kindly answer me the following question.",3.622
03367,wavs/03367.wav,"I spent no end of time in making out these things-Helicon, now.",4.579
03368,wavs/03368.wav,"Darcy, you must allow me to present this young lady to you as a very desirable partner.",6.318
03369,wavs/03369.wav,She sang a song.,1.277
03370,wavs/03370.wav,"Jekyll to have been-well, murdered, what could induce the murderer to stay?",4.717
03371,wavs/03371.wav,"If she had gone near the spot where his body lay, it was without her knowledge.",5.333
03372,wavs/03372.wav,I don't want to hurt your feelings but it seems to me you might have thought of this before if you'd any imagination.,6.981
03373,wavs/03373.wav,"Then it will be our duty to select, if we can, natures which are fitted for the task of guarding the city?",6.952
03374,wavs/03374.wav,"They flung bodies, some of them still alive, out through the windows.",4.709
03375,wavs/03375.wav,They seemed each of them to have the happiest memories in the world.,4.056
03376,wavs/03376.wav,All that Italian florid music is.,2.578
03377,wavs/03377.wav,"At that moment, wonderful and unprecedented good luck, Marius perceived an empty cab passing along the boulevard.",7.598
03378,wavs/03378.wav,"The glances were explained a few minutes later when a pattering of hoofs came from the cedar forest, and a stream of mounted Indians poured into the glade.",9.811
03379,wavs/03379.wav,"He did not look at the fire, but paced back and forth with the same step.",4.713
03380,wavs/03380.wav,"She tenderly supported his head on her bosom, leaned her face against his and kissed the cold, numb lips.",6.958
03381,wavs/03381.wav,Nobody can call such an undersized man handsome.,3.272
03382,wavs/03382.wav,Among the number were Madame Beaufort d'Hautpoul and Marquise Dufresne.,4.065
03383,wavs/03383.wav,Her vexation did not end with the week.,2.602
03384,wavs/03384.wav,He stirred the live coals with one of the candlesticks.,3.498
03385,wavs/03385.wav,"In regard to fish, I believe that the same species never occur in the fresh waters of distant continents.",7.226
03386,wavs/03386.wav,She was curious to learn of the customs of my people and displayed a remarkable knowledge of events on Earth.,6.61
03387,wavs/03387.wav,Lying flat he crawled stealthily to the bushy fringe of the bench.,4.048
03388,wavs/03388.wav,"But you know that's simply a farce, that's simply a sham, it's just laughing at you, and you are taken in by it!",7.721
03389,wavs/03389.wav,"Several exchanged short, grunting phrases, which seemed to settle the matter to their satisfaction.",6.474
03390,wavs/03390.wav,"We swept on, and I felt that I was highly obnoxious to Camilla.",4.554
03391,wavs/03391.wav,"What with her clothes, and her arch delicate face, which showed exquisitely pink beneath hair turning grey, she was astonishingly like an eighteenth-century masterpiece-a Reynolds or a Romney.",12.591
03392,wavs/03392.wav,If we can get over the divide we're safe.,2.457
03393,wavs/03393.wav,"On a pattern like this, by daylight, there is a lack of sequence, a defiance of law, that is a constant irritant to a normal mind.",9.199
03394,wavs/03394.wav,Anne came home that evening in high spirits.,2.626
03395,wavs/03395.wav,"To save her from misconstruction, cruel misconstruction, that even my friends have not been able to avoid, becomes my duty.",8.751
03396,wavs/03396.wav,"How is it that millions of men commit collective crimes-make war, commit murder, and so on?",6.171
03397,wavs/03397.wav,She is coated with quite a considerable layer of fat.,3.268
03398,wavs/03398.wav,"She was a fresh, pretty woman, clad always in white with elbow sleeves.",5.003
03399,wavs/03399.wav,Hewet stood firmly between him and the door.,2.681
03400,wavs/03400.wav,"Soft tears again bedewed my cheeks, and I even raised my humid eyes with thankfulness towards the blessed sun, which bestowed such joy upon me.",9.757
03401,wavs/03401.wav,"The feeling now is, that a youth must cut loose from his old surroundings to enable him to get up in the world.",6.674
03402,wavs/03402.wav,"By and by attention ceased from him, and the accustomed school murmur rose upon the dull air once more.",6.545
03403,wavs/03403.wav,"Telemachus then headed her for the flying islands,one hundred and thirty-two wondering within himself whether he should escape death or should be taken prisoner.",9.85
03404,wavs/03404.wav,Then I turned around and there he was.,2.238
03405,wavs/03405.wav,"I guess by her silence, as much as anything, what she feels.",5.021
03406,wavs/03406.wav,"She obediently sat down at once and gazed at me open-eyed, evidently expecting something from me at once.",7.253
03407,wavs/03407.wav,"Cook the peas tender, and add them to the sweet breads.",3.71
03408,wavs/03408.wav,"But what would you have, Glaucon?",2.182
03409,wavs/03409.wav,At last it was agreed that they should endeavour to determine the dimensions of the wood by walking a little more about it.,6.681
03410,wavs/03410.wav,"She was afraid she had used some strong, some contemptuous expressions in speaking of the clergy, and that should not have been.",8.639
03411,wavs/03411.wav,In less than an hour Lydgate arrived.,2.682
03412,wavs/03412.wav,"In the former art, the child was quick enough.",3.304
03413,wavs/03413.wav,A few characters too many must not frighten us.,3.194
03414,wavs/03414.wav,We seemed to understand each other.,2.166
03415,wavs/03415.wav,Next day you couldn't hear nothing around that town but how splendid that show was.,5.496
03416,wavs/03416.wav,Base palterers! twenty-five Cowards and traitors!,4.417
03417,wavs/03417.wav,"I hope the steak may be beef, but I don't believe it.",3.642
03418,wavs/03418.wav,Plainly he was uncertain of his ground.,2.41
03419,wavs/03419.wav,"Her name was Laurette Bradley, and she was a very nice little girl.",4.545
03420,wavs/03420.wav,Failed to the tune of ten thousand pounds.,2.8
03421,wavs/03421.wav,"No, Mamma darling, it's not the thing.",3.153
03422,wavs/03422.wav,"I could force nothing on him but a footman's tooth, which I observed him to examine with great curiosity, and found he had a fancy for it.",8.73
03423,wavs/03423.wav,"The press of the South, like the people who remained at home, were loyal to the Southern cause.",5.891
03424,wavs/03424.wav,"Whether that mark was born with him, or whether it was the scar left by some desperate wound, no one could certainly say.",7.804
03425,wavs/03425.wav,"Orders had been given, long before this movement began, to cut down the baggage of officers and men to the lowest point possible.",8.297
03426,wavs/03426.wav,"The wildness of it all, the necessity of peril and calm acceptance of it, stirred within Hare the call, the awakening, the spirit of the desert.",9.944
03427,wavs/03427.wav,"I did, mos' sholy.",1.739
03428,wavs/03428.wav,To dwell in an impossible place was safety.,2.952
03429,wavs/03429.wav,"It may be an acutely conscious mouse, yet it is a mouse, while the other is a man, and therefore, et caetera, et caetera.",9.386
03430,wavs/03430.wav,"From observations which I have made on certain varieties of hollyhock, I am inclined to suspect that they present analogous facts.",8.809
03431,wavs/03431.wav,"The soldiers had made a dash at the stockade-fence, yelling derision at the small French cannon which was mounted on top of the block-house.",9.336
03432,wavs/03432.wav,A bullet had pierced his skull.,1.984
03433,wavs/03433.wav,It's a fallacy to think that children are happy.,2.97
03434,wavs/03434.wav,But you're not going to begin gadding about to concerts and staying out all hours of the night.,5.667
03435,wavs/03435.wav,Here was a woman who had known some difficulty about marriage.,3.699
03436,wavs/03436.wav,But the lion was an enchanted prince.,2.377
03437,wavs/03437.wav,She was experiencing a new and peculiar pleasure.,3.159
03438,wavs/03438.wav,Certainty indeed I have none.,1.77
03439,wavs/03439.wav,I'd made sure you'd played hookey and been a-swimming.,2.63
03440,wavs/03440.wav,This seems to me a blessing of an extremely obvious kind.,3.747
03441,wavs/03441.wav,"The fertility, both of first crosses and of hybrids, is more easily affected by unfavourable conditions, than is the fertility of pure species.",10.203
03442,wavs/03442.wav,"It was in there when you was crying there, away in the night.",3.333
03443,wavs/03443.wav,According to my experience it is not possible to reach the platform of a Metropolitan train without exhibiting one's ticket.,7.87
03444,wavs/03444.wav,"Peggotty is ready to go to church, intending to behold the ceremony from the gallery.",6.021
03445,wavs/03445.wav,"If we failed to hold our own, because that equal foot at all men's doors was heard knocking somewhere, every object in this world would slip from us.",10.105
03446,wavs/03446.wav,The blind stripling did not answer.,2.453
03447,wavs/03447.wav,Woman's woe with wonder pondering.,2.085
03448,wavs/03448.wav,All praises bestowed on her I received as made to a possession of my own.,4.527
03449,wavs/03449.wav,"Yes, you may go.",1.649
03450,wavs/03450.wav,"My mother lived till eighty, a canty dame to the last.",3.877
03451,wavs/03451.wav,"Why similarly, why differently?",2.456
03452,wavs/03452.wav,"She tried to go away, but her feet were treacherous, and carried her to the group instead.",5.854
03453,wavs/03453.wav,All rose and continuing to talk loudly went into the drawing room.,4.391
03454,wavs/03454.wav,"Cease they to love, and move, and breathe, and speak, Who die?",4.96
03455,wavs/03455.wav,The young men whom we before called guardians may be more properly designated auxiliaries and supporters of the principles of the rulers.,8.998
03456,wavs/03456.wav,"In the center of the roof was a great light, as bright as the sun, which made the emeralds sparkle in a wonderful manner.",7.498
03457,wavs/03457.wav,"Where true marriage is, that is to say, where there is love, the ideal enters in.",5.722
03458,wavs/03458.wav,"Meanwhile, in his conversation with Raffles, he had learned something momentous, something which entered actively into the struggle of his longings and terrors.",10.206
03459,wavs/03459.wav,"Her death has all the pathetic uselessness of martyrdom, all its wasted beauty.",5.525
03460,wavs/03460.wav,"How peaceful, how beautiful, how benignant in comparison the sea?",4.68
03461,wavs/03461.wav,But my brother's attention speedily reverted to the distant firing in the south.,4.823
03462,wavs/03462.wav,"Something to that effect was said by the intoxicated liar who committed the assault, but it was not true.",6.761
03463,wavs/03463.wav,"Not all Nantucket, I guess.",2.475
03464,wavs/03464.wav,"I learnt so much from himself in an inroad I once, despite his reserve, had the daring to make on his confidence.",8.028
03465,wavs/03465.wav,He was awarded the Military Cross for gallantry while taking part in some heavy fighting on first October.,7.242
03466,wavs/03466.wav,As for the Swedes-it is their fate to be governed by mad kings.,4.065
03467,wavs/03467.wav,The Martians wore no clothing.,1.978
03468,wavs/03468.wav,"Now, if you were invited to hunt the bear in the mountains of Switzerland, what would you say?",6.032
03469,wavs/03469.wav,I am not fit for it.,1.381
03470,wavs/03470.wav,"A black woman, wiping her hands upon her apron, was close at his heels.",5.419
03471,wavs/03471.wav,Thy understanding is not made worse by it.,2.757
03472,wavs/03472.wav,"Then he turned down the lamp, and we were left in darkness.",3.81
03473,wavs/03473.wav,"Master Jackson didn't like it, but muttered something and slunk off.",4.54
03474,wavs/03474.wav,"His most particular friend, you see by Jane's account, was persuaded of his never intending to marry her.",7.405
03475,wavs/03475.wav,Two portraits in oval frames were fastened to the wall on each side of the bed.,4.905
03476,wavs/03476.wav,"But what if, by some fate or deadlier chance, eyes other than his spied behind and saw the horrible change?",7.307
03477,wavs/03477.wav,"I was passing out without looking at her, when she touched me with a taunting hand.",5.323
03478,wavs/03478.wav,I says I'll never vote agin.,2.132
03479,wavs/03479.wav,Nevertheless he ought to take care not to misuse this clemency.,3.95
03480,wavs/03480.wav,The sisters will carry it to the chapel.,2.402
03481,wavs/03481.wav,"I remained alone and went to bed, but slept indifferently.",3.546
03482,wavs/03482.wav,Martin asked me to go to the house.,2.209
03483,wavs/03483.wav,"They'd ask you for a sign, and you'd have no sign, and they'd have signs in abundance.",5.94
03484,wavs/03484.wav,"Lower down, confusedly, at the limit which separates the indistinct from the invisible, one perceives other gloomy men, who perhaps do not exist as yet.",10.638
03485,wavs/03485.wav,"Now, what's that for?",1.753
03486,wavs/03486.wav,"Hirst's interested, I daresay however, I do believe in you.",4.257
03487,wavs/03487.wav,Is he one of your men?,1.244
03488,wavs/03488.wav,A raw onion the last thing at night would benefit your complexion.,3.831
03489,wavs/03489.wav,In order to watch the bird in its flight.,2.569
03490,wavs/03490.wav,"A natural progression is for Usenet news and electronic mailing lists to somehow become merged---which they have, in the form of news gateways.",9.209
03491,wavs/03491.wav,As when I saw my little darling looking up so naturally to those cordial eyes.,5.226
03492,wavs/03492.wav,I read her letter many times.,2.234
03493,wavs/03493.wav,The desolating cry worked upon my mind.,3.08
03494,wavs/03494.wav,"I could not carry both, however, and my bar of iron promised best against the bronze gates.",6.75
03495,wavs/03495.wav,"Certainly then it is that, which should be dear unto us also.",4.026
03496,wavs/03496.wav,Snap turned sullenly aside while Holderness seated Mescal near the door and fetched her food and drink.,6.217
03497,wavs/03497.wav,"Shelby, which the young man took with the tips of his long fingers, and glanced over carelessly.",6.415
03498,wavs/03498.wav,Together with that sound came a solitary human cry from the gateway and amid the smoke appeared the figure of a bareheaded man in a peasant's coat.,9.217
03499,wavs/03499.wav,In fact I have two similar ceremonies to perform at that time.,4.254
03500,wavs/03500.wav,"O happy you, to be endowed with eloquence so great!",3.621
03501,wavs/03501.wav,Somebody else said it was Copperfield.,2.551
03502,wavs/03502.wav,That was the breadth of a puddle on the garden walk which he had evidently walked across.,5.171
03503,wavs/03503.wav,"But dear me, I beg your pardon, you're holding the fruit all this time.",4.892
03504,wavs/03504.wav,"The light which came from behind you was adjusted in such a manner that you saw her in the white, and she saw you in the black.",7.487
03505,wavs/03505.wav,He cannot much longer deceive himself.,2.616
03506,wavs/03506.wav,"As the smoke cleared, leaving an awful stillness, it passed out on the air, like the soul of the furious woman whose body lay lifeless on the ground.",10.347
03507,wavs/03507.wav,And then there are creatures that eat roses.,2.54
03508,wavs/03508.wav,"She was surprised, as she walked along, to see how pretty the country was about her.",5.602
03509,wavs/03509.wav,"It is because I have been kept so long in this island, and see no sign of my being able to get away.",6.565
03510,wavs/03510.wav,"You would not like to leave him yourself, but you see I can be of no use.",4.673
03511,wavs/03511.wav,That it was so much the worse for the government.,2.589
03512,wavs/03512.wav,"Tom skimmed up the shore through the long twilight, chatting cheerily with Huck, and landed shortly after dark.",7.312
03513,wavs/03513.wav,"In my opinion, more flame wars arise because of a lack of understanding of the nature of Usenet than from any other source.",8.277
03514,wavs/03514.wav,For who of any consequence in Middlemarch was not connected or at least acquainted with the Vincys?,5.988
03515,wavs/03515.wav,And we seldom have a child there.,2.21
03516,wavs/03516.wav,"Physiognomy, like every other human science, is but a passing fable.",5.138
03517,wavs/03517.wav,You'd really better drop it all.,2.014
03518,wavs/03518.wav,The presence of Shawnees so near the settlement confirmed his belief that a concerted movement was to be made on the whites in the near future.,7.939
03519,wavs/03519.wav,The daughter of this woman married a slave.,2.445
03520,wavs/03520.wav,Willoughby will do between you about her.,2.126
03521,wavs/03521.wav,The Bourbons were an instrument of civilization which broke in the hands of Providence.,5.052
03522,wavs/03522.wav,"To realise what they meant by saying that she had a chance of life was beyond him, knowing as he did that they were engaged.",7.416
03523,wavs/03523.wav,"There was no telling what the casualties might be among Northern troops working and living in trenches, drinking surface water filtered through rich vegetation, under a tropical sun.",11.807
03524,wavs/03524.wav,"Such, at any rate, was Dorian Gray's opinion.",3.743
03525,wavs/03525.wav,"She's a good woman as they go, but she's determined to make my children pray.",4.912
03526,wavs/03526.wav,A long while he strode in the circle of light to pause at length before the chieftains and to break the impressive silence with his deep voice.,8.519
03527,wavs/03527.wav,"For the pain, as well as the public estimate of disgrace, depends on the amount of previous profession.",6.888
03528,wavs/03528.wav,"You see, I have to cut out everything like a tailor with short measure.",4.386
03529,wavs/03529.wav,What is the nearest telegraph-office?,2.44
03530,wavs/03530.wav,That is the faulty part of the present system.,2.59
03531,wavs/03531.wav,"With respect to wit, I learned that there was not much difference between the half and the whole.",5.365
03532,wavs/03532.wav,The caretaker put the papers in his pocket.,2.85
03533,wavs/03533.wav,Put the eggs in boiling water.,2.01
03534,wavs/03534.wav,"The French were supposed to be a mile and a half away, but had suddenly and unexpectedly appeared just in front of us.",7.438
03535,wavs/03535.wav,"Pierre began to feel a sense of uneasiness, and the need, even the inevitability, of entering into conversation with this stranger.",8.659
03536,wavs/03536.wav,So fast and so well did he work that by the time the mice began to arrive the truck was all ready for them.,7.138
03537,wavs/03537.wav,My mother was quite sick of it.,1.852
03538,wavs/03538.wav,The stableman who brought the oats suddenly bent down and examined the left wheel.,4.899
03539,wavs/03539.wav,Look at these maple branches.,1.992
03540,wavs/03540.wav,"Bingley and Jane, however, soon allowed the others to outstrip them.",4.613
03541,wavs/03541.wav,Tom blanched and dropped his eyes.,2.202
03542,wavs/03542.wav,What had played Jabez's part in the row?,2.763
03543,wavs/03543.wav,"She could find no answer, but a laugh.",2.597
03544,wavs/03544.wav,"Directly before them rose a pile of logs and matted brush, placed there by the daredevil settlers who had mapped out the route.",7.973
03545,wavs/03545.wav,"He is a Russian seigneur who has had misfortunes, but he is a man.",4.66
03546,wavs/03546.wav,There remains still the finest and fairest of all men and all States-tyranny and the tyrant.,6.059
03547,wavs/03547.wav,She asked him several questions about his journey and seemed greatly interested in the state of the Prussian army.,6.636
03548,wavs/03548.wav,"However, Xury could not cut off his head, but he cut off a foot, and brought it with him, and it was a monstrous great one.",8.02
03549,wavs/03549.wav,Here was another strange revolution of mind!,2.96
03550,wavs/03550.wav,There are a couple of ways to do this.,2.196
03551,wavs/03551.wav,I should think it must have been as much as seven feet high.,3.515
03552,wavs/03552.wav,"Hard as the work was, Vincent enjoyed it thoroughly.",3.672
03553,wavs/03553.wav,"But to my astonishment, he sat down again on the transom very quietly, and seemed to have not the slightest intention of withdrawing.",8.658
03554,wavs/03554.wav,"I will wait as long as you like, but I swear to you that it would not have harmed me to see my daughter.",6.225
03555,wavs/03555.wav,"The priest came out with his purple velvet biretta on his head, adjusted his hair, and knelt down with an effort.",7.2
03556,wavs/03556.wav,"To jump out of the window would be admirable exercise, but the bars are too strong even to try.",6.402
03557,wavs/03557.wav,This entitled Alfred to the first shot for second prize.,4.141
03558,wavs/03558.wav,"It indicates better than any water hereabouts the absolute progress of the season, being least affected by transient changes of temperature.",9.338
03559,wavs/03559.wav,What demon possessed me that I behaved so well?,2.999
03560,wavs/03560.wav,"We used to be faithful about it, but since Father went away and all this war trouble unsettled us, we have neglected many things.",8.612
03561,wavs/03561.wav,"He rose, picked up his hat which lay on the floor, and walked to the door with a firm, assured step.",6.653
03562,wavs/03562.wav,"His practised eye saw it, and made the most of it.",3.407
03563,wavs/03563.wav,She is simply a born artist.,2.045
03564,wavs/03564.wav,He did not think of the thousands of acres which would one day make him a wealthy man.,5.182
03565,wavs/03565.wav,"There was still a glowing pile of wood ashes there, but it had evidently not been tended since his departure.",6.846
03566,wavs/03566.wav,Naigeon are no rascals.,1.899
03567,wavs/03567.wav,"But to-day, you see, I cried because it hurt me.",3.58
03568,wavs/03568.wav,Sherlock Holmes sprang to his feet the moment that she was gone and rushed into his room.,5.329
03569,wavs/03569.wav,"I took the hand she held out with a dignified, unbending air, and it was as calm in mine as if her breast had been at peace.",8.816
03570,wavs/03570.wav,Montparnasse was a fashion-plate in misery and given to the commission of murders.,5.212
03571,wavs/03571.wav,Another professor showed me a large paper of instructions for discovering plots and conspiracies against the government.,7.685
03572,wavs/03572.wav,"Had Edgar never gathered our conversation, he would never have been the worse for it.",4.908
03573,wavs/03573.wav,I was not so sure of that.,1.704
03574,wavs/03574.wav,All their faces were now shining with that latent warmth of feeling Pierre had noticed the day before and had fully understood after his talk with Prince Andrew.,10.045
03575,wavs/03575.wav,"The hovel was so dark, that people coming from without felt on entering it the effect produced on entering a cellar.",7.415
03576,wavs/03576.wav,"Alice was sorry for this, as she wanted to hear the news too.",4.1
03577,wavs/03577.wav,"You must not be angry with me, Dorian, for what I have told you.",4.516
03578,wavs/03578.wav,"This mechanical smile, produced by too much jaw and too little skin, shows the teeth rather than the soul.",7.344
03579,wavs/03579.wav,The Scarecrow sat in the big throne and the others stood respectfully before him.,4.929
03580,wavs/03580.wav,"However, I will tell you quite frankly that I have no brother Ernest.",4.381
03581,wavs/03581.wav,Her companion watched her enviously.,2.347
03582,wavs/03582.wav,"Meg danced and flirted, chattered and giggled, as the other girls did.",4.666
03583,wavs/03583.wav,Edmund could not share it.,1.543
03584,wavs/03584.wav,They were obliged to move.,1.594
03585,wavs/03585.wav,I will tell you all about it.,1.553
03586,wavs/03586.wav,She also noticed that there were all sorts of things in the pockets.,4.251
03587,wavs/03587.wav,"He had me horsewhipped!-horsewhipped in front of the jail, like a nigger!-with all the town looking on!",7.826
03588,wavs/03588.wav,Who's the old ballocks you were talking to?,2.533
03589,wavs/03589.wav,"They took their sweating steeds from under the yoke, made them fast to the mangers, and gave them a feed of oats and barley mixed.",8.381
03590,wavs/03590.wav,He awaited the propitious moment with the crafty patience of the sick.,4.042
03591,wavs/03591.wav,"I rushed from my hiding-place and with extreme labour, from the force of the current, saved her and dragged her to shore.",7.608
03592,wavs/03592.wav,"As I have said, there was an apple orchard on the side of the hill occupied by the Confederate forces.",6.657
03593,wavs/03593.wav,"What a fall, my benefactor!",2.139
03594,wavs/03594.wav,The abyss is subject to these treacheries.,2.687
03595,wavs/03595.wav,"In these meditations, his pride vanished.",3.141
03596,wavs/03596.wav,Had we risen to the surface of the waves?,2.504
03597,wavs/03597.wav,What suddenly arrested his ingress?,2.175
03598,wavs/03598.wav,"Snell said there, and so prevent the justice from drawing up a warrant.",4.595
03599,wavs/03599.wav,"This never costs anything to speak of, unless you plant more than enough.",4.75
03600,wavs/03600.wav,The journey was a long one.,1.82
03601,wavs/03601.wav,Because he had forgotten and because he remembered that he had reminded himself twice not to forget.,6.213
03602,wavs/03602.wav,"The road ran by the side of the lake, which became narrower as I approached my native town.",6.064
03603,wavs/03603.wav,"Him that offends, to teach with love and meek ness, and to show him his error.",5.263
03604,wavs/03604.wav,A piece of tapestry over a door also showed a blue-green world with a pale stag in it.,5.836
03605,wavs/03605.wav,"But lying in her chair, with one hand behind her head, the other grasping the knob on the arm, she was clearly following her thoughts intently.",9.445
03606,wavs/03606.wav,"I drew the wife who had so long loved me, closer to my side.",4.291
03607,wavs/03607.wav,"I had come and gone twice, and was again sitting by her, when she began to falter.",5.627
03608,wavs/03608.wav,This flower-girl now offered her blossom to the soul.,3.731
03609,wavs/03609.wav,I cannot help suspecting him.,1.881
03610,wavs/03610.wav,"Cass, the landlord, to suit Silas's larger family.",4.325
03611,wavs/03611.wav,"For half an hour Vincent tried the effect of patient coaxing, but in vain.",5.205
03612,wavs/03612.wav,The ingenuity and utility of this system are indisputable.,3.474
03613,wavs/03613.wav,"The young officer standing in the gateway, as if hesitating whether to enter or not, clicked his tongue.",6.721
03614,wavs/03614.wav,"I shall notice chiefly ostracions peculiar to the Red Sea, the Indian Ocean, and that part which washes the coast of tropical America.",9.556
03615,wavs/03615.wav,The sugared sonnets follow Sidney's.,2.38
03616,wavs/03616.wav,"Yes, he said, such an art may be presumed.",3.561
03617,wavs/03617.wav,"What does that mean, romantic?",1.908
03618,wavs/03618.wav,"He loved the word citizen, but he preferred the word man.",3.906
03619,wavs/03619.wav,"Alone in his canoe, he paddled off to a distant strait, which he knew the ship must pass through when she quitted the island.",7.849
03620,wavs/03620.wav,"My poor, pretty, little robin red-breast which used to put her head out of her window and look at me!",6.447
03621,wavs/03621.wav,I mean it naturally is Ernest.,2.068
03622,wavs/03622.wav,She swayed slightly backward and if Alfred had not dropped his rifle and caught her she would have fallen.,6.242
03623,wavs/03623.wav,Thomas she had a bookcase in her sitting room with glass doors.,4.033
03624,wavs/03624.wav,"Next week we are off to Germany and Switzerland, and as we shall travel fast, I shall only be able to give you hasty letters.",8.717
03625,wavs/03625.wav,"O the fatall poyson workes within my brest, Tell me Surgeon and flatter not, may I live?",6.317
03626,wavs/03626.wav,I must get a wash tomorrow or next day.,2.937
03627,wavs/03627.wav,Shower your useless shot!,1.831
03628,wavs/03628.wav,Cosette and Marius had been elected.,2.083
03629,wavs/03629.wav,"I showed them the new captain hanging at the yard-arm of the ship, and told them they had nothing less to expect.",7.026
03630,wavs/03630.wav,Twelve sharpshooters with muskets stepped out of the ranks with a firm regular tread and halted eight paces from the post.,7.874
03631,wavs/03631.wav,Tonight a spike of white lilies faintly perfumed the room like the dream of a fragrance.,5.427
03632,wavs/03632.wav,Say you want to start a discussion about the political ramifications of importing rare tropical fish from Brazil.,7.52
03633,wavs/03633.wav,"As soon as they got home, the brothers worked hard to gather enough wood to last them all winter.",6.399
03634,wavs/03634.wav,Often in afterlife Pierre recalled this period of blissful insanity.,4.651
03635,wavs/03635.wav,One must know how to understand him.,2.405
03636,wavs/03636.wav,Where can you get any and how can you get it?,2.637
03637,wavs/03637.wav,"The remarkable point about it was, that the police were not able to seize a single one.",5.939
03638,wavs/03638.wav,It stands to reason they should.,2.118
03639,wavs/03639.wav,Would you be so good as tell us?,1.824
03640,wavs/03640.wav,"He would be at home in September, and where would be the harm of only waiting till September?",5.774
03641,wavs/03641.wav,It was just dark now.,1.55
03642,wavs/03642.wav,The men massed upon the drays allowed themselves to be jolted along in silence.,5.262
03643,wavs/03643.wav,"To the left a clump of trees made a shady spot, where dark things seemed to stir feebly.",5.836
03644,wavs/03644.wav,"What she found hardest to bear was to know that on such occasions she ought to behave like Mademoiselle Bourienne, but could not.",8.168
03645,wavs/03645.wav,"He laid the clothes down, also the bows and arrows, and passing his hand over them, they assumed their right shapes again.",8.422
03646,wavs/03646.wav,Madame Antoine had not gone to mass.,2.457
03647,wavs/03647.wav,"On this view, the difficulties above discussed are greatly diminished, or even disappear.",6.039
03648,wavs/03648.wav,So far it is very true.,1.731
03649,wavs/03649.wav,"And thither will I bring thee, Valentine.",2.713
03650,wavs/03650.wav,He gave her to understand that he had looked at her with some earnestness.,4.116
03651,wavs/03651.wav,"He was to act from here, looking to Richmond as his objective point.",4.188
03652,wavs/03652.wav,"The barricade will probably be blockaded, all the streets will be guarded, and you will not be able to get out.",7.06
03653,wavs/03653.wav,"Prince Andrew arrived at Bennigsen's quarters-a country gentleman's house of moderate size, situated on the very banks of the river.",8.615
03654,wavs/03654.wav,"In crossing the valley he burned the bridge over Chattanooga Creek, and did all he could to obstruct the roads behind him.",7.443
03655,wavs/03655.wav,Have you been to Wuthering Heights?,2.116
03656,wavs/03656.wav,Gardiner soon wrote again to his brother.,2.381
03657,wavs/03657.wav,"He never lent money to anyone, but I had, on entering the service, been specially recommended to him by an important personage who had got me my berth.",9.98
03658,wavs/03658.wav,But Betty was too quick for him.,1.996
03659,wavs/03659.wav,"I believe that men are generally still a little afraid of the dark, though the witches are all hung, and Christianity and candles have been introduced.",9.241
03660,wavs/03660.wav,In the North no doubt as to the power of the grand army to make its way to Richmond was entertained.,5.906
03661,wavs/03661.wav,The Phantom pointed as before.,2.031
03662,wavs/03662.wav,"And Biddy, she's ever right and ready.",2.685
03663,wavs/03663.wav,But he is an ugly fellow!,1.552
03664,wavs/03664.wav,"She could discover in him none of those brilliant and promising traits which Gaston, her husband, had often assured her that he possessed.",8.916
03665,wavs/03665.wav,"And so, before the camp started, the old woman came to the place where the two children were bound.",6.61
03666,wavs/03666.wav,"Far out over the sands the coming surf crept, grey.",3.793
03667,wavs/03667.wav,Jack! how I'll love him!,2.286
03668,wavs/03668.wav,"You're taller than I am, I declare.",2.504
03669,wavs/03669.wav,But the thing that had been sitting at the table was gone.,3.072
03670,wavs/03670.wav,A sewer is a cynic.,1.453
03671,wavs/03671.wav,There was no other process that ever they had heard of.,3.437
03672,wavs/03672.wav,"They laid their guns as deliberately as if they had been on parade, and fired at about a thousand yards' range.",7.385
03673,wavs/03673.wav,"For Heaven's sake, Agnes, let us not mistake each other after all these years, and all that has come and gone with them!",8.661
03674,wavs/03674.wav,And to the loud voice that now bids her be silent with wondering unsteady eyes.,5.12
03675,wavs/03675.wav,"Indeed, the retirement of their life since their engagement had made her so sensitive, that she was not exaggerating her case.",8.322
03676,wavs/03676.wav,Write a message for her.,1.449
03677,wavs/03677.wav,"Dave and Mescal rode along the sides, and August with Jack came behind, with the pack-burros bringing up the rear.",7.911
03678,wavs/03678.wav,Put a little red pepper in the ham.,2.086
03679,wavs/03679.wav,Casaubon in the library.,1.909
03680,wavs/03680.wav,"You'll need to rise precious early, you sinner there, if you want to diddle the Almighty God.",5.876
03681,wavs/03681.wav,"A bit of the north door, broken by the French, hangs suspended to the wall.",5.133
03682,wavs/03682.wav,Upon my word we shall be absolutely dissipated.,3.259
03683,wavs/03683.wav,"What in water did Bloom, waterlover, drawer of water, watercarrier, returning to the range, admire?",7.865
03684,wavs/03684.wav,It can be done with any wild creature.,2.595
03685,wavs/03685.wav,"Nothing more of the fighting was known that night, the night of my drive to Leatherhead and back.",5.814
03686,wavs/03686.wav,Misters very selects for is pleasure must to visit heaven and hell show with mortuary candles and they tears silver which occur every night.,8.496
03687,wavs/03687.wav,"The girl, who had been out of order, was carried by her governess to take the air about an hour's distance, or thirty miles from town.",8.83
03688,wavs/03688.wav,"Murdstone's visit, until pretty late in the afternoon.",3.92
03689,wavs/03689.wav,Pontellier no trace of that morbid condition which her husband had reported to him.,5.229
03690,wavs/03690.wav,But Grantaire attained to the highest regions of dithryamb.,3.47
03691,wavs/03691.wav,"This vertigo, this terror, this downfall into ruin of the loftiest bravery which ever astounded history,-is that causeless?",8.901
03692,wavs/03692.wav,"The scenes depicted for the most part, a fair-skinned, fair-haired people at play.",5.392
03693,wavs/03693.wav,But was he worse?,1.181
03694,wavs/03694.wav,Because he was up one time in a knacker's yard.,2.987
03695,wavs/03695.wav,"I darted towards the spot from which the sound proceeded, but the devil eluded my grasp.",5.852
03696,wavs/03696.wav,"He followed me to my room, however, that night with a very grave face.",5.247
